px,py,pz,alvox,alvoy,alvoz,choque0,choque1,choque2,choque3,choque4,choque5,acao0,acao1,acao2,acao3,acao4,acao5
0,1,40,46,15,49,0,0,0,0,1,0,0,0,1,0,0,0
0,2,40,46,15,49,0,0,0,0,0,0,0,0,0,0,1,0
1,2,40,46,15,49,0,0,0,1,0,0,0,0,0,0,1,0
2,2,40,46,15,49,0,0,0,0,0,0,0,0,0,0,1,0
3,2,40,46,15,49,0,0,0,0,0,0,0,0,0,0,1,0
4,2,40,46,15,49,0,0,0,0,0,0,0,0,0,0,1,0
5,2,40,46,15,49,0,0,0,0,0,0,0,0,0,0,1,0
6,2,40,46,15,49,0,0,0,0,0,0,0,0,0,0,1,0
7,2,40,46,15,49,0,0,0,0,0,0,0,0,0,0,1,0
8,2,40,46,15,49,1,0,0,0,0,0,0,0,0,0,1,0
9,2,40,46,15,49,0,0,1,0,0,0,0,0,0,0,1,0
10,2,40,46,15,49,0,0,0,0,0,0,0,0,0,0,1,0
11,2,40,46,15,49,0,0,0,0,0,0,0,0,0,0,1,0
12,2,40,46,15,49,0,0,0,0,0,0,0,0,0,0,1,0
13,2,40,46,15,49,0,0,0,0,0,0,0,0,0,0,1,0
14,2,40,46,15,49,0,0,0,0,0,0,0,0,0,0,1,0
15,2,40,46,15,49,0,0,0,0,0,0,0,0,0,0,1,0
16,2,40,46,15,49,0,0,0,0,0,0,0,0,0,0,1,0
17,2,40,46,15,49,0,1,0,0,0,0,0,0,0,0,1,0
18,2,40,46,15,49,0,0,0,0,0,0,0,0,0,0,1,0
19,2,40,46,15,49,0,0,0,0,0,0,0,0,0,0,1,0
20,2,40,46,15,49,0,1,0,0,0,0,0,0,0,0,1,0
21,2,40,46,15,49,0,0,0,0,0,0,0,0,0,0,1,0
22,2,40,46,15,49,0,0,0,0,0,0,0,0,0,0,1,0
23,2,40,46,15,49,0,0,0,0,0,0,0,0,0,0,1,0
24,2,40,46,15,49,0,0,0,0,0,0,0,0,0,0,1,0
25,2,40,46,15,49,0,1,0,0,0,0,0,0,0,0,1,0
26,2,40,46,15,49,1,0,0,0,0,0,0,0,0,0,1,0
27,2,40,46,15,49,0,0,0,0,0,0,0,0,0,0,1,0
28,2,40,46,15,49,0,0,0,1,0,0,0,0,0,0,1,0
29,2,40,46,15,49,0,0,0,0,0,0,0,0,0,0,1,0
30,2,40,46,15,49,0,0,0,0,0,0,0,0,0,0,1,0
31,2,40,46,15,49,0,0,0,0,0,0,0,0,0,0,1,0
32,2,40,46,15,49,0,0,0,0,0,0,0,0,0,0,1,0
33,2,40,46,15,49,0,0,0,0,0,0,0,0,1,0,0,0
33,3,40,46,15,49,0,0,0,0,0,0,0,0,0,0,1,0
34,3,40,46,15,49,0,0,0,0,0,0,0,0,1,0,0,0
34,4,40,46,15,49,0,0,0,0,0,0,0,0,0,0,1,0
35,4,40,46,15,49,0,0,0,0,0,0,0,0,1,0,0,0
35,5,40,46,15,49,0,0,0,0,0,0,0,0,0,0,1,0
36,5,40,46,15,49,0,0,0,0,0,0,0,0,1,0,0,0
36,6,40,46,15,49,0,0,0,0,1,0,1,0,0,0,0,0
36,6,41,46,15,49,0,0,0,0,0,0,0,0,0,0,1,0
37,6,41,46,15,49,0,1,0,0,0,0,0,0,1,0,0,0
37,7,41,46,15,49,0,0,0,0,0,0,0,0,0,0,1,0
38,7,41,46,15,49,0,0,0,0,0,0,1,0,0,0,0,0
38,7,42,46,15,49,0,0,0,0,0,0,0,0,1,0,0,0
38,8,42,46,15,49,0,0,0,0,0,0,0,0,0,0,1,0
39,8,42,46,15,49,0,0,1,0,0,0,1,0,0,0,0,0
39,8,43,46,15,49,0,0,0,0,0,0,0,0,1,0,0,0
39,9,43,46,15,49,0,1,0,0,0,0,0,0,0,0,1,0
40,9,43,46,15,49,0,0,0,0,0,0,1,0,0,0,0,0
40,9,44,46,15,49,0,0,0,0,0,0,0,0,1,0,0,0
40,10,44,46,15,49,0,0,0,0,0,0,0,0,0,0,1,0
41,10,44,46,15,49,0,0,0,0,0,0,1,0,0,0,0,0
41,10,45,46,15,49,0,0,0,0,0,0,0,0,1,0,0,0
41,11,45,46,15,49,0,0,0,0,0,0,0,0,0,0,1,0
42,11,45,46,15,49,0,0,0,0,0,0,1,0,0,0,0,0
42,11,46,46,15,49,0,0,0,0,0,0,0,0,1,0,0,0
42,12,46,46,15,49,0,0,0,0,0,0,0,0,0,0,1,0
43,12,46,46,15,49,0,0,1,0,0,0,1,0,0,0,0,0
43,12,47,46,15,49,0,0,0,0,0,0,0,0,1,0,0,0
43,13,47,46,15,49,0,1,0,0,0,0,0,0,0,0,1,0
44,13,47,46,15,49,0,0,0,0,0,0,1,0,0,0,0,0
44,13,48,46,15,49,0,0,0,0,0,0,0,0,1,0,0,0
44,14,48,46,15,49,0,0,0,0,0,0,0,0,0,0,1,0
45,14,48,46,15,49,0,0,1,0,0,0,1,0,0,0,0,0
45,14,49,46,15,49,0,0,0,0,0,0,0,0,1,0,0,0
45,15,49,46,15,49,0,1,1,0,0,0,0,0,0,0,1,0
52,36,44,11,30,55,1,0,0,0,0,0,0,0,0,0,0,1
51,36,44,11,30,55,0,0,0,0,0,0,0,0,0,0,0,1
50,36,44,11,30,55,0,0,0,0,0,0,0,0,0,0,0,1
49,36,44,11,30,55,0,0,0,0,0,0,0,0,0,0,0,1
48,36,44,11,30,55,0,0,0,0,0,0,0,0,0,0,0,1
47,36,44,11,30,55,0,0,0,0,0,0,0,0,0,0,0,1
46,36,44,11,30,55,0,0,0,0,0,0,0,0,0,0,0,1
45,36,44,11,30,55,0,0,0,0,0,1,1,0,0,0,0,0
45,36,45,11,30,55,0,0,0,0,0,0,0,0,0,0,0,1
44,36,45,11,30,55,0,1,0,0,0,0,0,0,0,0,0,1
43,36,45,11,30,55,0,0,0,0,0,0,0,0,0,0,0,1
42,36,45,11,30,55,0,0,0,0,0,0,0,0,0,0,0,1
41,36,45,11,30,55,0,0,0,0,0,0,0,0,0,0,0,1
40,36,45,11,30,55,0,0,0,0,0,0,0,0,0,0,0,1
39,36,45,11,30,55,0,0,0,0,0,0,0,0,0,0,0,1
38,36,45,11,30,55,0,0,0,0,0,0,0,0,0,0,0,1
37,36,45,11,30,55,0,0,0,0,0,0,0,0,0,0,0,1
36,36,45,11,30,55,0,0,0,0,0,0,0,0,0,0,0,1
35,36,45,11,30,55,0,0,0,0,0,0,0,0,0,0,0,1
34,36,45,11,30,55,0,0,0,0,0,0,0,0,0,0,0,1
33,36,45,11,30,55,0,0,0,0,0,0,0,0,0,0,0,1
32,36,45,11,30,55,0,0,0,0,0,0,0,0,0,0,0,1
31,36,45,11,30,55,0,0,0,0,0,0,0,0,0,0,0,1
30,36,45,11,30,55,0,0,0,0,0,0,0,0,0,0,0,1
29,36,45,11,30,55,0,0,0,0,0,0,0,0,0,0,0,1
28,36,45,11,30,55,0,0,0,1,0,0,0,0,0,0,0,1
27,36,45,11,30,55,0,0,0,0,0,0,0,0,0,0,0,1
26,36,45,11,30,55,0,0,0,0,0,0,0,0,0,0,0,1
25,36,45,11,30,55,0,0,0,0,0,0,0,0,0,0,0,1
24,36,45,11,30,55,0,0,0,0,0,0,0,0,0,0,0,1
23,36,45,11,30,55,0,0,0,0,0,0,0,0,0,0,0,1
22,36,45,11,30,55,0,0,0,0,0,0,0,0,0,0,0,1
21,36,45,11,30,55,0,0,0,0,0,0,1,0,0,0,0,0
21,36,46,11,30,55,0,0,0,0,0,0,0,0,0,0,0,1
20,36,46,11,30,55,0,0,0,0,0,0,1,0,0,0,0,0
20,36,47,11,30,55,0,0,0,0,0,1,1,0,0,0,0,0
20,36,48,11,30,55,0,0,0,0,0,0,0,0,0,0,0,1
19,36,48,11,30,55,0,1,0,0,0,0,0,0,0,0,0,1
18,36,48,11,30,55,0,0,0,0,0,0,1,0,0,0,0,0
18,36,49,11,30,55,0,0,0,1,0,0,0,0,0,0,0,1
17,36,49,11,30,55,0,0,0,0,0,0,1,0,0,0,0,0
17,36,50,11,30,55,0,0,0,0,0,0,0,0,0,1,0,0
17,35,50,11,30,55,0,0,0,0,0,0,0,0,0,0,0,1
16,35,50,11,30,55,0,0,0,0,0,0,1,0,0,0,0,0
16,35,51,11,30,55,0,0,0,0,0,0,0,0,0,1,0,0
16,34,51,11,30,55,0,0,0,0,0,0,0,0,0,0,0,1
15,34,51,11,30,55,0,1,0,0,0,0,1,0,0,0,0,0
15,34,52,11,30,55,0,0,0,0,0,0,0,0,0,1,0,0
15,33,52,11,30,55,0,0,0,0,0,0,0,0,0,0,0,1
14,33,52,11,30,55,0,0,0,0,0,0,1,0,0,0,0,0
14,33,53,11,30,55,0,0,0,0,0,0,0,0,0,1,0,0
14,32,53,11,30,55,1,0,0,0,0,0,0,0,0,0,0,1
13,32,53,11,30,55,0,0,0,0,0,0,1,0,0,0,0,0
13,32,54,11,30,55,0,0,0,0,1,0,0,0,0,1,0,0
13,31,54,11,30,55,0,0,0,0,0,0,0,0,0,0,0,1
12,31,54,11,30,55,0,0,0,0,0,0,1,0,0,0,0,0
12,31,55,11,30,55,0,0,0,0,0,0,0,0,0,1,0,0
12,30,55,11,30,55,0,0,0,0,0,0,0,0,0,0,0,1
17,16,50,4,20,41,0,0,0,0,0,0,0,0,0,0,0,1
16,16,50,4,20,41,0,0,1,0,0,0,0,0,0,0,0,1
15,16,50,4,20,41,0,0,1,0,0,1,0,1,0,0,0,0
15,16,49,4,20,41,0,0,0,0,0,0,0,0,0,0,0,1
14,16,49,4,20,41,1,0,0,0,0,0,0,0,0,0,0,1
13,16,49,4,20,41,0,0,0,0,0,0,0,0,0,0,0,1
12,16,49,4,20,41,0,0,1,0,0,0,0,1,0,0,0,0
12,16,48,4,20,41,0,0,0,0,0,0,0,0,0,0,0,1
11,16,48,4,20,41,0,0,0,1,0,0,0,1,0,0,0,0
11,16,47,4,20,41,0,0,0,0,0,0,0,0,0,0,0,1
10,16,47,4,20,41,0,0,0,0,0,0,0,1,0,0,0,0
10,16,46,4,20,41,0,0,0,0,0,0,0,0,0,0,0,1
9,16,46,4,20,41,0,0,0,0,0,0,0,1,0,0,0,0
9,16,45,4,20,41,0,0,0,0,0,0,0,0,0,0,0,1
8,16,45,4,20,41,0,0,0,0,0,0,0,1,0,0,0,0
8,16,44,4,20,41,0,0,0,0,0,0,0,0,1,0,0,0
8,17,44,4,20,41,0,0,0,0,0,0,0,0,0,0,0,1
7,17,44,4,20,41,0,0,0,0,0,0,0,1,0,0,0,0
7,17,43,4,20,41,0,0,0,0,0,0,0,0,1,0,0,0
7,18,43,4,20,41,0,0,0,0,0,0,0,0,0,0,0,1
6,18,43,4,20,41,0,0,0,0,0,0,0,1,0,0,0,0
6,18,42,4,20,41,0,0,0,0,0,1,0,0,1,0,0,0
6,19,42,4,20,41,0,0,0,0,0,0,0,0,0,0,0,1
5,19,42,4,20,41,0,0,0,1,0,0,0,1,0,0,0,0
5,19,41,4,20,41,0,0,0,0,0,0,0,0,1,0,0,0
5,20,41,4,20,41,0,0,0,0,0,0,0,0,0,0,0,1
17,13,46,7,1,33,0,0,0,0,0,0,0,1,0,0,0,0
17,13,45,7,1,33,0,0,0,0,0,0,0,1,0,0,0,0
17,13,44,7,1,33,0,0,0,0,0,0,0,0,0,1,0,0
17,12,44,7,1,33,0,0,0,0,0,0,0,1,0,0,0,0
17,12,43,7,1,33,0,0,0,0,0,0,0,0,0,1,0,0
17,11,43,7,1,33,0,0,0,0,1,0,0,1,0,0,0,0
17,11,42,7,1,33,0,0,0,0,0,0,0,0,0,1,0,0
17,10,42,7,1,33,0,0,0,0,0,0,0,0,0,0,0,1
16,10,42,7,1,33,1,0,0,0,0,0,0,1,0,0,0,0
16,10,41,7,1,33,0,0,0,0,0,0,0,0,0,1,0,0
16,9,41,7,1,33,0,0,0,0,0,0,0,0,0,0,0,1
15,9,41,7,1,33,0,0,0,0,0,0,0,1,0,0,0,0
15,9,40,7,1,33,0,0,0,0,0,0,0,0,0,1,0,0
15,8,40,7,1,33,0,1,0,0,0,0,0,0,0,0,0,1
14,8,40,7,1,33,0,0,0,0,0,0,0,1,0,0,0,0
14,8,39,7,1,33,0,0,0,0,1,0,0,0,0,1,0,0
14,7,39,7,1,33,0,0,0,0,0,0,0,0,0,0,0,1
13,7,39,7,1,33,0,0,0,0,0,0,0,1,0,0,0,0
13,7,38,7,1,33,0,0,0,0,0,0,0,0,0,1,0,0
13,6,38,7,1,33,0,0,0,0,0,0,0,0,0,0,0,1
12,6,38,7,1,33,0,0,0,0,0,0,0,1,0,0,0,0
12,6,37,7,1,33,0,0,0,0,0,0,0,0,0,1,0,0
12,5,37,7,1,33,0,0,0,0,0,0,0,0,0,0,0,1
11,5,37,7,1,33,0,0,0,0,0,0,0,1,0,0,0,0
11,5,36,7,1,33,0,0,0,0,0,0,0,0,0,1,0,0
11,4,36,7,1,33,0,0,0,0,0,0,0,0,0,0,0,1
10,4,36,7,1,33,0,0,0,0,0,1,0,1,0,0,0,0
10,4,35,7,1,33,0,0,0,0,0,0,0,0,0,1,0,0
10,3,35,7,1,33,0,0,0,0,0,0,0,0,0,0,0,1
9,3,35,7,1,33,0,0,0,0,0,0,0,1,0,0,0,0
9,3,34,7,1,33,0,0,0,0,0,0,0,0,0,1,0,0
9,2,34,7,1,33,0,0,0,0,0,0,0,0,0,0,0,1
8,2,34,7,1,33,0,0,0,0,0,0,0,1,0,0,0,0
8,2,33,7,1,33,0,0,0,0,0,0,0,0,0,1,0,0
8,1,33,7,1,33,0,0,0,0,0,0,0,0,0,0,0,1
30,11,28,40,59,22,0,0,0,0,1,0,0,0,1,0,0,0
30,12,28,40,59,22,0,0,0,0,1,0,0,0,1,0,0,0
30,13,28,40,59,22,0,0,0,0,0,0,0,0,1,0,0,0
30,14,28,40,59,22,0,0,0,0,0,0,0,0,1,0,0,0
30,15,28,40,59,22,0,0,0,0,0,0,0,0,1,0,0,0
30,16,28,40,59,22,0,0,0,0,0,1,0,0,1,0,0,0
30,17,28,40,59,22,0,0,0,0,0,0,0,0,1,0,0,0
30,18,28,40,59,22,0,0,0,0,0,0,0,0,1,0,0,0
30,19,28,40,59,22,0,0,0,0,0,0,0,0,1,0,0,0
30,20,28,40,59,22,0,0,0,0,1,0,0,0,1,0,0,0
30,21,28,40,59,22,0,0,0,0,0,0,0,0,1,0,0,0
30,22,28,40,59,22,0,0,0,0,0,0,0,0,1,0,0,0
30,23,28,40,59,22,0,0,0,0,0,0,0,0,1,0,0,0
30,24,28,40,59,22,0,0,0,0,1,0,0,0,1,0,0,0
30,25,28,40,59,22,0,0,0,0,0,0,0,0,1,0,0,0
30,26,28,40,59,22,1,0,0,0,0,0,0,0,1,0,0,0
30,27,28,40,59,22,0,0,0,0,0,0,0,0,1,0,0,0
30,28,28,40,59,22,0,0,0,0,0,0,0,0,1,0,0,0
30,29,28,40,59,22,0,0,0,0,0,0,0,0,1,0,0,0
30,30,28,40,59,22,0,0,0,0,0,0,0,0,1,0,0,0
30,31,28,40,59,22,0,0,0,0,0,0,0,0,1,0,0,0
30,32,28,40,59,22,0,0,0,0,0,0,0,0,1,0,0,0
30,33,28,40,59,22,0,0,0,0,0,0,0,0,1,0,0,0
30,34,28,40,59,22,0,0,0,0,0,0,0,0,1,0,0,0
30,35,28,40,59,22,0,0,0,0,0,0,0,0,1,0,0,0
30,36,28,40,59,22,0,0,0,0,0,0,0,0,1,0,0,0
30,37,28,40,59,22,0,0,0,0,0,0,0,0,1,0,0,0
30,38,28,40,59,22,0,0,0,0,0,0,0,0,1,0,0,0
30,39,28,40,59,22,0,0,0,0,0,0,0,0,1,0,0,0
30,40,28,40,59,22,0,0,0,0,0,0,0,0,1,0,0,0
30,41,28,40,59,22,0,0,0,0,0,0,0,0,1,0,0,0
30,42,28,40,59,22,0,0,0,0,0,0,0,0,1,0,0,0
30,43,28,40,59,22,0,0,0,0,0,0,0,0,1,0,0,0
30,44,28,40,59,22,0,0,0,0,1,0,0,0,1,0,0,0
30,45,28,40,59,22,0,0,0,0,0,1,0,0,1,0,0,0
30,46,28,40,59,22,0,0,0,0,0,0,0,0,1,0,0,0
30,47,28,40,59,22,0,0,0,0,0,0,0,0,1,0,0,0
30,48,28,40,59,22,0,0,0,0,0,0,0,0,1,0,0,0
30,49,28,40,59,22,0,0,0,0,0,0,0,0,1,0,0,0
30,50,28,40,59,22,0,0,1,0,0,0,0,0,0,0,1,0
31,50,28,40,59,22,0,0,0,0,0,0,0,0,1,0,0,0
31,51,28,40,59,22,0,0,0,0,0,1,0,0,0,0,1,0
32,51,28,40,59,22,0,0,0,0,0,0,0,0,1,0,0,0
32,52,28,40,59,22,0,0,0,0,0,0,0,0,0,0,1,0
33,52,28,40,59,22,0,0,0,0,0,0,0,0,1,0,0,0
33,53,28,40,59,22,0,0,0,0,0,0,0,0,0,0,1,0
34,53,28,40,59,22,0,0,0,0,0,0,0,1,0,0,0,0
34,53,27,40,59,22,0,0,0,1,0,0,0,0,1,0,0,0
34,54,27,40,59,22,0,0,0,0,0,1,0,0,0,0,1,0
35,54,27,40,59,22,0,0,0,0,0,0,0,1,0,0,0,0
35,54,26,40,59,22,0,0,0,0,0,0,0,0,1,0,0,0
35,55,26,40,59,22,0,0,0,0,0,0,0,0,0,0,1,0
36,55,26,40,59,22,0,0,0,0,0,0,0,1,0,0,0,0
36,55,25,40,59,22,0,0,0,0,0,0,0,0,1,0,0,0
36,56,25,40,59,22,0,0,0,0,0,0,0,0,0,0,1,0
37,56,25,40,59,22,0,0,0,0,0,0,0,1,0,0,0,0
37,56,24,40,59,22,0,0,0,0,0,0,0,0,1,0,0,0
37,57,24,40,59,22,0,0,0,0,0,0,0,0,0,0,1,0
38,57,24,40,59,22,0,0,0,0,0,0,0,1,0,0,0,0
38,57,23,40,59,22,0,0,0,1,0,0,0,0,1,0,0,0
38,58,23,40,59,22,0,0,0,0,0,0,0,0,0,0,1,0
39,58,23,40,59,22,0,0,0,0,0,0,0,1,0,0,0,0
39,58,22,40,59,22,0,0,0,0,0,0,0,0,1,0,0,0
39,59,22,40,59,22,0,0,0,0,0,0,0,0,0,0,1,0
17,5,49,17,55,30,0,0,0,0,0,0,0,0,1,0,0,0
17,6,49,17,55,30,0,0,0,0,0,0,0,0,1,0,0,0
17,7,49,17,55,30,0,0,0,0,0,0,0,0,1,0,0,0
17,8,49,17,55,30,0,0,0,0,0,0,0,0,1,0,0,0
17,9,49,17,55,30,0,0,0,0,0,0,0,0,1,0,0,0
17,10,49,17,55,30,0,0,0,0,0,1,0,0,1,0,0,0
17,11,49,17,55,30,0,0,0,0,0,0,0,0,1,0,0,0
17,12,49,17,55,30,0,0,0,0,0,0,0,0,1,0,0,0
17,13,49,17,55,30,0,0,0,0,0,0,0,0,1,0,0,0
17,14,49,17,55,30,0,1,0,0,0,0,0,0,1,0,0,0
17,15,49,17,55,30,0,0,0,0,0,0,0,0,1,0,0,0
17,16,49,17,55,30,0,0,0,0,0,0,0,0,1,0,0,0
17,17,49,17,55,30,0,0,0,0,0,0,0,0,1,0,0,0
17,18,49,17,55,30,0,0,0,0,0,0,0,0,1,0,0,0
17,19,49,17,55,30,0,0,0,0,0,0,0,0,1,0,0,0
17,20,49,17,55,30,0,0,1,0,0,0,0,1,0,0,0,0
17,20,48,17,55,30,0,0,0,0,0,0,0,0,1,0,0,0
17,21,48,17,55,30,1,0,0,0,0,0,0,0,1,0,0,0
17,22,48,17,55,30,0,0,0,0,0,0,0,0,1,0,0,0
17,23,48,17,55,30,0,0,1,0,0,0,0,1,0,0,0,0
17,23,47,17,55,30,0,0,0,0,0,0,0,0,1,0,0,0
17,24,47,17,55,30,1,0,0,0,0,0,0,0,1,0,0,0
17,25,47,17,55,30,0,0,0,0,0,0,0,0,1,0,0,0
17,26,47,17,55,30,0,0,0,0,0,0,0,0,1,0,0,0
17,27,47,17,55,30,0,0,0,0,0,0,0,0,1,0,0,0
17,28,47,17,55,30,0,1,0,0,0,0,0,0,1,0,0,0
17,29,47,17,55,30,0,0,0,0,0,0,0,0,1,0,0,0
17,30,47,17,55,30,0,0,0,0,0,0,0,0,1,0,0,0
17,31,47,17,55,30,0,0,0,0,0,0,0,0,1,0,0,0
17,32,47,17,55,30,0,0,0,0,0,0,0,0,1,0,0,0
17,33,47,17,55,30,0,0,0,0,0,0,0,0,1,0,0,0
17,34,47,17,55,30,0,0,0,0,0,0,0,0,1,0,0,0
17,35,47,17,55,30,0,0,0,0,0,0,0,0,1,0,0,0
17,36,47,17,55,30,0,0,0,0,0,0,0,0,1,0,0,0
17,37,47,17,55,30,0,0,0,0,0,0,0,0,1,0,0,0
17,38,47,17,55,30,0,0,0,0,0,0,0,1,0,0,0,0
17,38,46,17,55,30,0,0,0,0,0,0,0,0,1,0,0,0
17,39,46,17,55,30,0,0,0,0,0,0,0,1,0,0,0,0
17,39,45,17,55,30,0,0,0,0,0,0,0,0,1,0,0,0
17,40,45,17,55,30,0,0,0,0,0,0,0,1,0,0,0,0
17,40,44,17,55,30,0,0,0,0,0,1,0,0,1,0,0,0
17,41,44,17,55,30,0,0,0,0,0,0,0,1,0,0,0,0
17,41,43,17,55,30,0,0,0,0,0,0,0,0,1,0,0,0
17,42,43,17,55,30,0,0,0,0,0,1,0,1,0,0,0,0
17,42,42,17,55,30,0,0,0,0,0,0,0,0,1,0,0,0
17,43,42,17,55,30,0,0,0,0,0,0,0,1,0,0,0,0
17,43,41,17,55,30,0,0,0,0,0,0,0,0,1,0,0,0
17,44,41,17,55,30,0,0,0,0,0,0,0,1,0,0,0,0
17,44,40,17,55,30,0,0,0,0,0,0,0,0,1,0,0,0
17,45,40,17,55,30,0,0,1,0,0,1,0,1,0,0,0,0
17,45,39,17,55,30,0,0,0,0,0,0,0,0,1,0,0,0
17,46,39,17,55,30,1,0,0,0,1,0,0,1,0,0,0,0
17,46,38,17,55,30,0,0,0,0,0,0,0,0,1,0,0,0
17,47,38,17,55,30,0,0,0,0,0,0,0,1,0,0,0,0
17,47,37,17,55,30,0,0,1,0,0,0,0,1,0,0,0,0
17,47,36,17,55,30,0,0,0,0,0,0,0,0,1,0,0,0
17,48,36,17,55,30,1,0,0,0,0,0,0,0,1,0,0,0
17,49,36,17,55,30,0,0,0,0,0,0,0,1,0,0,0,0
17,49,35,17,55,30,0,0,0,0,0,0,0,0,1,0,0,0
17,50,35,17,55,30,0,0,0,0,0,0,0,1,0,0,0,0
17,50,34,17,55,30,0,0,0,0,0,0,0,0,1,0,0,0
17,51,34,17,55,30,0,0,0,0,0,0,0,1,0,0,0,0
17,51,33,17,55,30,0,0,0,0,0,0,0,0,1,0,0,0
17,52,33,17,55,30,0,0,0,0,0,0,0,1,0,0,0,0
17,52,32,17,55,30,0,0,0,0,0,0,0,0,1,0,0,0
17,53,32,17,55,30,0,0,0,0,0,0,0,1,0,0,0,0
17,53,31,17,55,30,0,0,0,0,0,0,0,0,1,0,0,0
17,54,31,17,55,30,0,0,0,0,0,0,0,1,0,0,0,0
17,54,30,17,55,30,0,0,0,0,0,0,0,0,1,0,0,0
4,58,22,17,44,13,0,0,0,0,0,0,0,0,0,1,0,0
4,57,22,17,44,13,0,1,0,0,0,0,0,0,0,1,0,0
4,56,22,17,44,13,0,0,0,0,0,0,0,0,0,0,1,0
5,56,22,17,44,13,0,0,0,0,0,0,0,0,0,1,0,0
5,55,22,17,44,13,0,0,0,0,1,0,0,0,0,1,0,0
5,54,22,17,44,13,0,0,0,0,0,0,0,0,0,0,1,0
6,54,22,17,44,13,0,0,1,0,0,0,0,0,0,0,1,0
7,54,22,17,44,13,0,0,0,0,0,0,0,0,0,1,0,0
7,53,22,17,44,13,0,0,0,0,0,0,0,0,0,0,1,0
8,53,22,17,44,13,0,0,0,0,0,0,0,1,0,0,0,0
8,53,21,17,44,13,0,0,0,0,0,0,0,0,0,1,0,0
8,52,21,17,44,13,0,0,0,0,0,0,0,0,0,0,1,0
9,52,21,17,44,13,0,0,0,0,1,0,0,1,0,0,0,0
9,52,20,17,44,13,0,0,0,1,0,0,0,0,0,0,1,0
10,52,20,17,44,13,1,0,0,0,0,0,0,0,0,1,0,0
10,51,20,17,44,13,0,0,0,0,0,1,0,1,0,0,0,0
10,51,19,17,44,13,0,0,0,0,0,0,0,0,0,1,0,0
10,50,19,17,44,13,0,0,0,0,0,0,0,0,0,0,1,0
11,50,19,17,44,13,0,1,0,1,0,0,0,0,0,0,1,0
12,50,19,17,44,13,0,0,0,0,0,0,0,1,0,0,0,0
12,50,18,17,44,13,0,0,0,0,0,1,0,0,0,1,0,0
12,49,18,17,44,13,0,1,0,0,0,0,0,0,0,1,0,0
12,48,18,17,44,13,0,0,0,0,0,0,0,1,0,0,0,0
12,48,17,17,44,13,0,0,1,0,0,0,0,0,0,0,1,0
13,48,17,17,44,13,0,1,0,0,0,0,0,0,0,1,0,0
13,47,17,17,44,13,0,0,0,0,0,0,0,1,0,0,0,0
13,47,16,17,44,13,0,0,1,0,0,0,0,0,0,0,1,0
14,47,16,17,44,13,0,0,0,0,0,0,0,1,0,0,0,0
14,47,15,17,44,13,0,0,0,0,0,0,0,0,0,1,0,0
14,46,15,17,44,13,0,0,0,0,0,0,0,0,0,0,1,0
15,46,15,17,44,13,0,0,0,1,0,0,0,1,0,0,0,0
15,46,14,17,44,13,0,0,0,0,1,0,0,0,0,1,0,0
15,45,14,17,44,13,1,0,0,0,0,0,0,0,0,0,1,0
16,45,14,17,44,13,0,0,1,0,0,0,0,1,0,0,0,0
16,45,13,17,44,13,0,0,0,0,0,0,0,0,0,1,0,0
16,44,13,17,44,13,0,0,0,0,0,0,0,0,0,0,1,0
40,4,15,29,29,51,0,0,0,0,0,0,1,0,0,0,0,0
40,4,16,29,29,51,0,0,0,0,0,0,1,0,0,0,0,0
40,4,17,29,29,51,0,0,0,0,0,0,1,0,0,0,0,0
40,4,18,29,29,51,0,0,0,0,0,0,1,0,0,0,0,0
40,4,19,29,29,51,0,0,0,0,1,0,1,0,0,0,0,0
40,4,20,29,29,51,0,0,0,0,0,0,1,0,0,0,0,0
40,4,21,29,29,51,0,0,0,0,0,0,1,0,0,0,0,0
40,4,22,29,29,51,0,0,0,0,0,0,1,0,0,0,0,0
40,4,23,29,29,51,0,0,0,0,0,0,1,0,0,0,0,0
40,4,24,29,29,51,0,0,0,0,0,0,1,0,0,0,0,0
40,4,25,29,29,51,0,0,0,0,0,0,1,0,0,0,0,0
40,4,26,29,29,51,0,0,0,0,0,0,1,0,0,0,0,0
40,4,27,29,29,51,0,0,0,0,0,0,0,0,1,0,0,0
40,5,27,29,29,51,0,0,0,0,0,0,1,0,0,0,0,0
40,5,28,29,29,51,0,0,0,0,0,0,0,0,1,0,0,0
40,6,28,29,29,51,0,0,0,0,0,0,1,0,0,0,0,0
40,6,29,29,29,51,0,0,0,0,0,0,0,0,1,0,0,0
40,7,29,29,29,51,0,0,0,0,0,0,1,0,0,0,0,0
40,7,30,29,29,51,0,0,1,0,0,0,1,0,0,0,0,0
40,7,31,29,29,51,0,0,0,0,0,0,0,0,1,0,0,0
40,8,31,29,29,51,1,1,0,0,0,0,0,0,1,0,0,0
40,9,31,29,29,51,0,0,0,0,0,0,1,0,0,0,0,0
40,9,32,29,29,51,0,0,0,1,0,0,0,0,1,0,0,0
40,10,32,29,29,51,0,0,0,0,0,0,1,0,0,0,0,0
40,10,33,29,29,51,0,0,0,0,0,0,0,0,1,0,0,0
40,11,33,29,29,51,0,0,0,0,0,0,1,0,0,0,0,0
40,11,34,29,29,51,0,0,0,0,0,0,0,0,1,0,0,0
40,12,34,29,29,51,0,0,0,0,0,0,1,0,0,0,0,0
40,12,35,29,29,51,0,0,1,0,0,0,1,0,0,0,0,0
40,12,36,29,29,51,0,0,0,0,0,0,0,0,1,0,0,0
40,13,36,29,29,51,0,1,0,0,0,0,0,0,1,0,0,0
40,14,36,29,29,51,0,0,0,0,0,0,1,0,0,0,0,0
40,14,37,29,29,51,0,0,0,0,0,0,0,0,1,0,0,0
40,15,37,29,29,51,0,0,0,0,0,0,1,0,0,0,0,0
40,15,38,29,29,51,0,0,0,0,0,0,0,0,1,0,0,0
40,16,38,29,29,51,0,0,0,0,0,0,1,0,0,0,0,0
40,16,39,29,29,51,0,0,0,0,0,0,0,0,1,0,0,0
40,17,39,29,29,51,0,0,0,0,0,0,1,0,0,0,0,0
40,17,40,29,29,51,0,0,0,0,0,0,0,0,1,0,0,0
40,18,40,29,29,51,0,0,0,0,0,0,1,0,0,0,0,0
40,18,41,29,29,51,0,0,0,0,0,0,0,0,1,0,0,0
40,19,41,29,29,51,0,0,0,0,0,0,0,0,0,0,0,1
39,19,41,29,29,51,0,0,0,0,0,0,1,0,0,0,0,0
39,19,42,29,29,51,0,0,0,0,0,0,0,0,1,0,0,0
39,20,42,29,29,51,0,0,0,0,0,0,0,0,0,0,0,1
38,20,42,29,29,51,0,0,0,0,0,0,1,0,0,0,0,0
38,20,43,29,29,51,0,0,0,0,0,0,0,0,1,0,0,0
38,21,43,29,29,51,0,0,0,0,0,0,0,0,0,0,0,1
37,21,43,29,29,51,0,0,0,0,0,0,1,0,0,0,0,0
37,21,44,29,29,51,0,0,0,0,0,0,0,0,1,0,0,0
37,22,44,29,29,51,0,0,0,0,0,0,0,0,0,0,0,1
36,22,44,29,29,51,0,0,0,0,0,0,1,0,0,0,0,0
36,22,45,29,29,51,0,0,0,0,0,0,0,0,1,0,0,0
36,23,45,29,29,51,0,0,0,0,0,0,0,0,0,0,0,1
35,23,45,29,29,51,1,0,0,0,0,0,0,0,1,0,0,0
35,24,45,29,29,51,0,0,0,0,0,0,1,0,0,0,0,0
35,24,46,29,29,51,0,0,0,1,1,0,0,0,0,0,0,1
34,24,46,29,29,51,0,0,0,0,0,0,1,0,0,0,0,0
34,24,47,29,29,51,0,0,0,0,0,1,0,0,1,0,0,0
34,25,47,29,29,51,0,0,0,0,0,0,0,0,0,0,0,1
33,25,47,29,29,51,0,0,1,1,0,0,1,0,0,0,0,0
33,25,48,29,29,51,0,0,0,0,0,0,0,0,1,0,0,0
33,26,48,29,29,51,0,1,0,0,0,0,0,0,0,0,0,1
32,26,48,29,29,51,0,0,0,0,0,0,1,0,0,0,0,0
32,26,49,29,29,51,0,0,0,0,0,0,0,0,1,0,0,0
32,27,49,29,29,51,0,0,0,0,0,1,1,0,0,0,0,0
32,27,50,29,29,51,0,0,0,0,0,0,0,0,0,0,0,1
31,27,50,29,29,51,1,1,0,0,0,0,0,0,1,0,0,0
31,28,50,29,29,51,0,0,0,0,0,0,0,0,0,0,0,1
30,28,50,29,29,51,0,1,0,0,0,0,1,0,0,0,0,0
30,28,51,29,29,51,0,0,1,0,0,0,0,0,0,0,0,1
29,28,51,29,29,51,0,0,0,0,0,1,0,0,1,0,0,0
38,11,18,20,41,5,0,0,0,0,0,0,0,0,1,0,0,0
38,12,18,20,41,5,0,0,1,0,0,0,0,0,0,0,0,1
37,12,18,20,41,5,0,0,0,0,0,0,0,0,1,0,0,0
37,13,18,20,41,5,0,0,0,0,1,0,0,0,1,0,0,0
37,14,18,20,41,5,0,0,0,0,0,0,0,0,1,0,0,0
37,15,18,20,41,5,0,0,0,0,0,0,0,0,1,0,0,0
37,16,18,20,41,5,0,0,0,0,0,0,0,0,1,0,0,0
37,17,18,20,41,5,1,0,0,0,0,0,0,0,1,0,0,0
37,18,18,20,41,5,0,0,0,0,0,0,0,0,1,0,0,0
37,19,18,20,41,5,0,0,0,0,0,0,0,0,1,0,0,0
37,20,18,20,41,5,0,1,0,0,0,0,0,0,1,0,0,0
37,21,18,20,41,5,0,0,0,0,0,0,0,0,1,0,0,0
37,22,18,20,41,5,0,0,0,0,0,0,0,0,1,0,0,0
37,23,18,20,41,5,0,0,0,0,0,0,0,0,1,0,0,0
37,24,18,20,41,5,0,0,0,0,0,0,0,0,1,0,0,0
37,25,18,20,41,5,0,0,0,0,0,0,0,0,0,0,0,1
36,25,18,20,41,5,0,0,0,0,0,0,0,0,1,0,0,0
36,26,18,20,41,5,0,0,0,0,0,0,0,0,0,0,0,1
35,26,18,20,41,5,0,0,0,0,0,0,0,0,1,0,0,0
35,27,18,20,41,5,0,0,0,0,0,0,0,0,0,0,0,1
34,27,18,20,41,5,0,0,0,0,0,1,0,0,1,0,0,0
34,28,18,20,41,5,0,0,0,0,0,0,0,0,0,0,0,1
33,28,18,20,41,5,0,0,0,1,0,0,0,1,0,0,0,0
33,28,17,20,41,5,0,0,0,0,0,0,0,0,1,0,0,0
33,29,17,20,41,5,0,1,0,0,0,0,0,0,0,0,0,1
32,29,17,20,41,5,0,0,0,0,0,0,0,1,0,0,0,0
32,29,16,20,41,5,0,0,1,0,1,0,0,0,0,0,0,1
31,29,16,20,41,5,0,0,0,0,0,0,0,0,1,0,0,0
31,30,16,20,41,5,0,0,0,0,1,0,0,1,0,0,0,0
31,30,15,20,41,5,0,0,0,0,1,0,0,0,1,0,0,0
31,31,15,20,41,5,0,0,0,0,0,0,0,0,0,0,0,1
30,31,15,20,41,5,0,0,0,0,0,0,0,1,0,0,0,0
30,31,14,20,41,5,0,0,0,0,0,0,0,0,1,0,0,0
30,32,14,20,41,5,0,0,0,0,0,0,0,0,0,0,0,1
29,32,14,20,41,5,0,0,0,0,0,0,0,1,0,0,0,0
29,32,13,20,41,5,0,0,0,0,0,0,0,0,1,0,0,0
29,33,13,20,41,5,0,0,0,0,0,0,0,0,0,0,0,1
28,33,13,20,41,5,0,1,0,0,0,0,0,0,1,0,0,0
28,34,13,20,41,5,0,0,0,0,0,0,0,1,0,0,0,0
28,34,12,20,41,5,0,0,0,1,0,0,0,0,0,0,0,1
27,34,12,20,41,5,0,0,0,0,0,0,0,1,0,0,0,0
27,34,11,20,41,5,0,0,0,0,0,0,0,0,1,0,0,0
27,35,11,20,41,5,0,0,0,0,0,0,0,0,0,0,0,1
26,35,11,20,41,5,0,0,0,0,0,0,0,1,0,0,0,0
26,35,10,20,41,5,0,0,0,0,0,0,0,0,1,0,0,0
26,36,10,20,41,5,0,0,0,0,0,0,0,0,0,0,0,1
25,36,10,20,41,5,0,0,0,0,0,0,0,1,0,0,0,0
25,36,9,20,41,5,0,0,0,0,0,0,0,0,1,0,0,0
25,37,9,20,41,5,0,0,0,0,0,0,0,0,0,0,0,1
24,37,9,20,41,5,1,0,0,0,0,1,0,1,0,0,0,0
24,37,8,20,41,5,0,0,0,0,0,0,0,0,1,0,0,0
24,38,8,20,41,5,0,0,0,0,0,0,0,0,0,0,0,1
23,38,8,20,41,5,0,0,0,0,0,0,0,1,0,0,0,0
23,38,7,20,41,5,0,0,0,0,0,0,0,0,1,0,0,0
23,39,7,20,41,5,0,0,0,0,0,0,0,0,0,0,0,1
22,39,7,20,41,5,0,0,0,0,0,0,0,1,0,0,0,0
22,39,6,20,41,5,0,0,0,0,0,0,0,0,1,0,0,0
22,40,6,20,41,5,0,0,0,0,0,0,0,0,0,0,0,1
21,40,6,20,41,5,0,1,0,0,0,0,0,0,1,0,0,0
21,41,6,20,41,5,0,0,0,0,0,0,0,1,0,0,0,0
21,41,5,20,41,5,0,0,0,1,0,0,0,0,0,0,0,1
52,9,27,13,16,39,0,0,0,0,0,0,0,0,0,0,0,1
51,9,27,13,16,39,1,0,0,0,0,0,0,0,0,0,0,1
50,9,27,13,16,39,0,0,0,0,0,0,0,0,0,0,0,1
49,9,27,13,16,39,0,0,0,0,0,0,0,0,0,0,0,1
48,9,27,13,16,39,0,0,0,0,0,0,0,0,0,0,0,1
47,9,27,13,16,39,0,0,0,0,0,0,0,0,0,0,0,1
46,9,27,13,16,39,0,0,0,0,0,0,0,0,0,0,0,1
45,9,27,13,16,39,0,0,0,0,0,0,0,0,0,0,0,1
44,9,27,13,16,39,0,0,0,0,0,0,0,0,0,0,0,1
43,9,27,13,16,39,0,0,0,0,0,0,0,0,0,0,0,1
42,9,27,13,16,39,0,0,0,0,0,0,0,0,0,0,0,1
41,9,27,13,16,39,0,0,0,0,0,0,0,0,0,0,0,1
40,9,27,13,16,39,0,0,0,0,0,0,0,0,0,0,0,1
39,9,27,13,16,39,0,0,0,0,0,0,0,0,0,0,0,1
38,9,27,13,16,39,0,0,1,0,0,0,0,0,0,0,0,1
37,9,27,13,16,39,0,0,0,0,0,0,0,0,0,0,0,1
36,9,27,13,16,39,0,0,0,0,0,0,0,0,0,0,0,1
35,9,27,13,16,39,0,0,1,0,0,0,0,0,0,0,0,1
34,9,27,13,16,39,0,0,0,0,0,0,0,0,0,0,0,1
33,9,27,13,16,39,0,0,0,0,0,0,0,0,0,0,0,1
32,9,27,13,16,39,0,0,0,0,0,0,0,0,0,0,0,1
31,9,27,13,16,39,0,0,0,0,0,0,0,0,0,0,0,1
30,9,27,13,16,39,0,0,0,0,0,0,0,0,0,0,0,1
29,9,27,13,16,39,0,0,0,1,0,0,0,0,0,0,0,1
28,9,27,13,16,39,0,0,0,0,0,0,0,0,0,0,0,1
27,9,27,13,16,39,0,0,0,0,0,0,0,0,0,0,0,1
26,9,27,13,16,39,0,0,0,0,0,0,0,0,0,0,0,1
25,9,27,13,16,39,1,0,0,0,0,0,0,0,0,0,0,1
24,9,27,13,16,39,1,0,1,0,0,0,0,0,0,0,0,1
23,9,27,13,16,39,0,0,0,0,0,0,1,0,0,0,0,0
23,9,28,13,16,39,0,0,0,0,1,0,1,0,0,0,0,0
23,9,29,13,16,39,0,0,0,0,0,0,1,0,0,0,0,0
23,9,30,13,16,39,0,0,0,0,0,0,0,0,0,0,0,1
22,9,30,13,16,39,0,0,0,0,0,0,1,0,0,0,0,0
22,9,31,13,16,39,0,0,0,0,0,0,0,0,0,0,0,1
21,9,31,13,16,39,0,0,0,0,0,0,1,0,0,0,0,0
21,9,32,13,16,39,1,0,0,0,0,0,0,0,0,0,0,1
20,9,32,13,16,39,0,0,0,0,0,0,1,0,0,0,0,0
20,9,33,13,16,39,0,0,0,0,1,0,0,0,1,0,0,0
20,10,33,13,16,39,0,0,0,0,0,0,0,0,0,0,0,1
19,10,33,13,16,39,0,0,0,0,0,0,1,0,0,0,0,0
19,10,34,13,16,39,0,0,0,0,0,0,0,0,1,0,0,0
19,11,34,13,16,39,0,0,0,0,0,0,0,0,0,0,0,1
18,11,34,13,16,39,0,0,0,0,0,0,1,0,0,0,0,0
18,11,35,13,16,39,0,0,0,0,0,0,0,0,1,0,0,0
18,12,35,13,16,39,0,0,0,0,0,0,0,0,0,0,0,1
17,12,35,13,16,39,0,0,0,0,0,0,1,0,0,0,0,0
17,12,36,13,16,39,0,0,0,0,0,0,0,0,1,0,0,0
17,13,36,13,16,39,0,0,0,0,0,0,0,0,0,0,0,1
16,13,36,13,16,39,0,0,0,0,0,0,1,0,0,0,0,0
16,13,37,13,16,39,0,0,0,0,0,0,0,0,1,0,0,0
16,14,37,13,16,39,0,0,0,0,0,0,0,0,0,0,0,1
15,14,37,13,16,39,0,0,0,0,0,0,1,0,0,0,0,0
15,14,38,13,16,39,0,0,0,0,0,0,0,0,1,0,0,0
15,15,38,13,16,39,0,0,0,0,0,0,0,0,0,0,0,1
14,15,38,13,16,39,1,0,0,0,0,0,0,0,1,0,0,0
14,16,38,13,16,39,0,0,0,0,0,0,1,0,0,0,0,0
14,16,39,13,16,39,0,0,0,1,0,0,0,0,0,0,0,1
25,2,52,33,40,6,0,1,0,0,0,0,0,0,1,0,0,0
25,3,52,33,40,6,0,0,0,0,0,0,0,1,0,0,0,0
25,3,51,33,40,6,0,0,0,1,0,0,0,1,0,0,0,0
25,3,50,33,40,6,0,0,0,0,0,0,0,1,0,0,0,0
25,3,49,33,40,6,0,0,0,0,0,0,0,1,0,0,0,0
25,3,48,33,40,6,0,0,0,0,0,0,0,1,0,0,0,0
25,3,47,33,40,6,0,0,0,0,0,0,0,1,0,0,0,0
25,3,46,33,40,6,0,0,0,0,0,0,0,1,0,0,0,0
25,3,45,33,40,6,0,0,0,0,0,0,0,1,0,0,0,0
25,3,44,33,40,6,0,0,0,0,0,0,0,1,0,0,0,0
25,3,43,33,40,6,0,0,0,0,0,0,0,1,0,0,0,0
25,3,42,33,40,6,0,0,0,0,0,0,0,0,1,0,0,0
25,4,42,33,40,6,0,0,0,0,0,0,0,1,0,0,0,0
25,4,41,33,40,6,0,0,0,0,0,0,0,0,1,0,0,0
25,5,41,33,40,6,0,0,0,0,1,0,0,1,0,0,0,0
25,5,40,33,40,6,0,0,0,0,0,0,0,0,1,0,0,0
25,6,40,33,40,6,0,0,0,0,0,0,0,1,0,0,0,0
25,6,39,33,40,6,0,0,0,0,0,0,0,0,1,0,0,0
25,7,39,33,40,6,0,0,0,0,0,0,0,1,0,0,0,0
25,7,38,33,40,6,0,0,0,0,0,0,0,0,1,0,0,0
25,8,38,33,40,6,0,0,0,0,0,0,0,1,0,0,0,0
25,8,37,33,40,6,0,0,0,0,0,0,0,0,1,0,0,0
25,9,37,33,40,6,0,0,0,0,0,0,0,1,0,0,0,0
25,9,36,33,40,6,0,1,0,0,0,0,0,0,1,0,0,0
25,10,36,33,40,6,0,0,0,0,0,0,0,1,0,0,0,0
25,10,35,33,40,6,0,0,0,1,0,0,0,0,1,0,0,0
25,11,35,33,40,6,0,0,0,0,0,0,0,1,0,0,0,0
25,11,34,33,40,6,0,0,0,0,0,0,0,0,1,0,0,0
25,12,34,33,40,6,0,0,0,0,0,0,0,1,0,0,0,0
25,12,33,33,40,6,0,0,0,0,0,0,0,0,1,0,0,0
25,13,33,33,40,6,0,0,0,0,0,0,0,1,0,0,0,0
25,13,32,33,40,6,0,0,0,0,0,0,0,0,1,0,0,0
25,14,32,33,40,6,0,0,0,0,0,0,0,1,0,0,0,0
25,14,31,33,40,6,0,0,0,0,0,0,0,0,1,0,0,0
25,15,31,33,40,6,0,0,0,0,0,0,0,1,0,0,0,0
25,15,30,33,40,6,0,0,0,0,1,0,0,0,1,0,0,0
25,16,30,33,40,6,0,0,0,0,0,0,0,1,0,0,0,0
25,16,29,33,40,6,0,0,0,0,0,0,0,0,1,0,0,0
25,17,29,33,40,6,0,0,0,0,0,0,0,1,0,0,0,0
25,17,28,33,40,6,0,0,0,0,0,0,0,0,1,0,0,0
25,18,28,33,40,6,0,0,0,0,0,0,0,1,0,0,0,0
25,18,27,33,40,6,0,0,0,0,0,0,0,0,1,0,0,0
25,19,27,33,40,6,0,0,0,0,0,0,0,1,0,0,0,0
25,19,26,33,40,6,0,0,0,0,0,0,0,0,1,0,0,0
25,20,26,33,40,6,0,0,0,0,0,0,0,1,0,0,0,0
25,20,25,33,40,6,0,0,0,0,0,0,0,0,1,0,0,0
25,21,25,33,40,6,0,0,0,0,0,0,0,1,0,0,0,0
25,21,24,33,40,6,0,0,0,0,0,0,0,0,1,0,0,0
25,22,24,33,40,6,0,0,0,0,0,0,0,1,0,0,0,0
25,22,23,33,40,6,0,0,0,0,0,0,0,0,1,0,0,0
25,23,23,33,40,6,0,0,0,0,0,0,0,1,0,0,0,0
25,23,22,33,40,6,0,0,0,0,0,0,0,0,1,0,0,0
25,24,22,33,40,6,0,0,0,0,0,0,0,1,0,0,0,0
25,24,21,33,40,6,0,0,1,0,0,0,0,1,0,0,0,0
25,24,20,33,40,6,0,0,0,0,0,0,0,0,1,0,0,0
25,25,20,33,40,6,1,0,0,0,0,0,0,0,1,0,0,0
25,26,20,33,40,6,0,0,0,0,0,0,0,1,0,0,0,0
25,26,19,33,40,6,0,0,0,0,0,0,0,0,1,0,0,0
25,27,19,33,40,6,0,0,0,0,1,0,0,1,0,0,0,0
25,27,18,33,40,6,0,0,0,0,0,0,0,0,1,0,0,0
25,28,18,33,40,6,0,0,0,0,0,0,0,1,0,0,0,0
25,28,17,33,40,6,0,0,0,0,0,0,0,0,1,0,0,0
25,29,17,33,40,6,0,1,0,0,0,0,0,0,1,0,0,0
25,30,17,33,40,6,0,0,0,0,0,0,0,1,0,0,0,0
25,30,16,33,40,6,0,0,0,1,0,0,0,1,0,0,0,0
25,30,15,33,40,6,0,0,0,0,0,0,0,0,1,0,0,0
25,31,15,33,40,6,0,0,0,0,1,0,0,1,0,0,0,0
25,31,14,33,40,6,0,0,0,0,0,0,0,0,1,0,0,0
25,32,14,33,40,6,0,0,0,0,0,0,0,1,0,0,0,0
25,32,13,33,40,6,0,0,0,0,0,0,0,0,1,0,0,0
25,33,13,33,40,6,0,0,0,0,0,0,0,0,0,0,1,0
26,33,13,33,40,6,0,0,0,0,0,0,0,1,0,0,0,0
26,33,12,33,40,6,0,0,0,0,0,0,0,0,1,0,0,0
26,34,12,33,40,6,0,0,0,0,0,0,0,0,0,0,1,0
27,34,12,33,40,6,0,0,0,0,0,0,0,1,0,0,0,0
27,34,11,33,40,6,0,0,0,0,0,0,0,0,1,0,0,0
27,35,11,33,40,6,0,0,0,0,0,0,0,0,0,0,1,0
28,35,11,33,40,6,0,0,0,0,0,0,0,1,0,0,0,0
28,35,10,33,40,6,0,0,0,0,0,0,0,0,1,0,0,0
28,36,10,33,40,6,0,0,0,0,0,0,0,0,0,0,1,0
29,36,10,33,40,6,0,0,0,0,0,0,0,1,0,0,0,0
29,36,9,33,40,6,0,0,0,0,0,0,0,0,1,0,0,0
29,37,9,33,40,6,0,0,0,0,0,0,0,0,0,0,1,0
30,37,9,33,40,6,0,0,0,0,0,0,0,1,0,0,0,0
30,37,8,33,40,6,0,0,0,0,0,0,0,0,1,0,0,0
30,38,8,33,40,6,0,0,0,0,0,0,0,0,0,0,1,0
31,38,8,33,40,6,0,0,0,0,0,0,0,1,0,0,0,0
31,38,7,33,40,6,0,0,0,0,1,0,0,0,1,0,0,0
31,39,7,33,40,6,0,0,0,0,0,0,0,0,0,0,1,0
32,39,7,33,40,6,0,0,0,1,0,0,0,1,0,0,0,0
32,39,6,33,40,6,0,0,0,0,0,0,0,0,1,0,0,0
32,40,6,33,40,6,0,0,0,0,0,0,0,0,0,0,1,0
38,9,35,1,13,17,0,0,0,0,0,0,0,0,0,0,0,1
37,9,35,1,13,17,0,0,0,0,0,0,0,0,0,0,0,1
36,9,35,1,13,17,0,0,0,0,0,1,0,1,0,0,0,0
36,9,34,1,13,17,0,0,0,0,0,0,0,0,0,0,0,1
35,9,34,1,13,17,1,0,0,0,0,0,0,0,0,0,0,1
34,9,34,1,13,17,0,0,0,0,0,0,0,0,0,0,0,1
33,9,34,1,13,17,0,0,0,0,0,0,0,0,0,0,0,1
32,9,34,1,13,17,0,0,0,0,0,0,0,0,0,0,0,1
31,9,34,1,13,17,0,0,0,0,0,0,0,0,0,0,0,1
30,9,34,1,13,17,0,0,0,0,0,0,0,0,0,0,0,1
29,9,34,1,13,17,0,0,0,0,0,0,0,0,0,0,0,1
28,9,34,1,13,17,0,0,0,0,0,0,0,0,0,0,0,1
27,9,34,1,13,17,0,0,0,0,0,0,0,0,0,0,0,1
26,9,34,1,13,17,0,0,0,0,0,0,0,0,0,0,0,1
25,9,34,1,13,17,1,0,0,0,0,0,0,0,0,0,0,1
24,9,34,1,13,17,0,0,0,0,0,0,0,0,0,0,0,1
23,9,34,1,13,17,0,0,0,0,0,0,0,0,0,0,0,1
22,9,34,1,13,17,0,0,0,0,0,0,0,0,0,0,0,1
21,9,34,1,13,17,0,1,0,0,0,0,0,0,0,0,0,1
20,9,34,1,13,17,0,0,0,0,0,0,0,0,0,0,0,1
19,9,34,1,13,17,0,0,0,0,0,0,0,0,0,0,0,1
18,9,34,1,13,17,0,0,0,0,0,0,0,1,0,0,0,0
18,9,33,1,13,17,0,0,0,0,0,0,0,0,0,0,0,1
17,9,33,1,13,17,0,0,0,0,0,0,0,1,0,0,0,0
17,9,32,1,13,17,0,0,0,0,0,0,0,0,0,0,0,1
16,9,32,1,13,17,0,0,0,0,0,0,0,1,0,0,0,0
16,9,31,1,13,17,0,0,0,0,0,0,0,0,0,0,0,1
15,9,31,1,13,17,0,0,0,0,0,0,0,1,0,0,0,0
15,9,30,1,13,17,0,0,0,0,0,0,0,0,0,0,0,1
14,9,30,1,13,17,0,0,0,0,0,0,0,1,0,0,0,0
14,9,29,1,13,17,0,0,0,0,0,0,0,0,0,0,0,1
13,9,29,1,13,17,0,0,0,0,0,0,0,1,0,0,0,0
13,9,28,1,13,17,0,0,0,0,0,0,0,0,0,0,0,1
12,9,28,1,13,17,0,0,0,0,0,0,0,1,0,0,0,0
12,9,27,1,13,17,0,0,0,0,0,0,0,0,0,0,0,1
11,9,27,1,13,17,0,0,1,0,0,0,0,1,0,0,0,0
11,9,26,1,13,17,0,0,0,0,0,0,0,0,0,0,0,1
10,9,26,1,13,17,0,0,0,0,0,0,0,1,0,0,0,0
10,9,25,1,13,17,0,0,0,0,0,0,0,0,0,0,0,1
9,9,25,1,13,17,0,1,0,0,0,0,0,0,0,0,0,1
8,9,25,1,13,17,0,0,0,0,0,0,0,1,0,0,0,0
8,9,24,1,13,17,0,0,0,0,1,0,0,1,0,0,0,0
8,9,23,1,13,17,0,0,0,0,0,0,0,0,0,0,0,1
7,9,23,1,13,17,0,1,0,0,0,0,0,0,0,0,0,1
6,9,23,1,13,17,0,0,0,0,0,0,0,1,0,0,0,0
6,9,22,1,13,17,0,0,0,0,1,0,0,1,0,0,0,0
6,9,21,1,13,17,0,0,0,0,0,0,0,0,0,0,0,1
5,9,21,1,13,17,0,0,0,0,0,0,0,1,0,0,0,0
5,9,20,1,13,17,0,0,0,0,0,0,0,0,1,0,0,0
5,10,20,1,13,17,0,0,0,0,0,0,0,0,0,0,0,1
4,10,20,1,13,17,0,0,0,0,0,0,0,1,0,0,0,0
4,10,19,1,13,17,0,0,0,0,0,0,0,0,1,0,0,0
4,11,19,1,13,17,0,0,0,0,0,0,0,0,0,0,0,1
3,11,19,1,13,17,0,1,0,0,0,0,0,0,1,0,0,0
3,12,19,1,13,17,0,0,0,0,0,0,0,1,0,0,0,0
3,12,18,1,13,17,0,0,0,1,0,0,0,0,0,0,0,1
2,12,18,1,13,17,0,0,0,0,0,0,0,1,0,0,0,0
2,12,17,1,13,17,0,0,0,0,0,0,0,0,1,0,0,0
2,13,17,1,13,17,0,0,0,0,0,0,0,0,0,0,0,1
16,34,27,31,2,22,0,0,0,0,0,0,0,0,0,1,0,0
16,33,27,31,2,22,0,0,0,0,0,0,0,0,0,1,0,0
16,32,27,31,2,22,0,0,0,0,0,0,0,0,0,1,0,0
16,31,27,31,2,22,0,0,0,0,0,0,0,0,0,1,0,0
16,30,27,31,2,22,0,0,0,1,0,0,0,0,0,0,1,0
17,30,27,31,2,22,0,0,0,0,0,0,0,0,0,1,0,0
17,29,27,31,2,22,1,0,0,0,0,1,0,0,0,1,0,0
17,28,27,31,2,22,0,0,0,0,0,0,0,0,0,1,0,0
17,27,27,31,2,22,0,0,0,0,0,0,0,0,0,1,0,0
17,26,27,31,2,22,0,0,0,0,0,0,0,0,0,1,0,0
17,25,27,31,2,22,0,0,0,0,0,0,0,0,0,1,0,0
17,24,27,31,2,22,0,0,0,0,0,0,0,0,0,1,0,0
17,23,27,31,2,22,0,0,0,0,0,0,0,0,0,1,0,0
17,22,27,31,2,22,0,0,0,0,0,0,0,0,0,1,0,0
17,21,27,31,2,22,0,0,0,0,0,0,0,0,0,1,0,0
17,20,27,31,2,22,0,0,0,0,0,0,0,0,0,1,0,0
17,19,27,31,2,22,0,0,0,0,0,0,0,0,0,1,0,0
17,18,27,31,2,22,0,1,0,0,0,0,0,0,0,1,0,0
17,17,27,31,2,22,0,0,0,0,0,0,0,0,0,1,0,0
17,16,27,31,2,22,0,0,0,0,0,0,0,0,0,1,0,0
17,15,27,31,2,22,0,1,0,0,0,0,0,0,0,0,1,0
18,15,27,31,2,22,0,0,0,0,0,0,0,0,0,1,0,0
18,14,27,31,2,22,0,1,0,0,0,0,0,0,0,0,1,0
19,14,27,31,2,22,0,0,0,0,0,0,0,0,0,1,0,0
19,13,27,31,2,22,0,0,0,0,0,0,0,0,0,0,1,0
20,13,27,31,2,22,0,0,0,0,0,0,0,0,0,1,0,0
20,12,27,31,2,22,0,0,0,0,0,0,0,0,0,0,1,0
21,12,27,31,2,22,0,0,0,0,0,0,0,0,0,1,0,0
21,11,27,31,2,22,0,0,0,0,0,0,0,0,0,0,1,0
22,11,27,31,2,22,0,0,0,0,0,0,0,0,0,1,0,0
22,10,27,31,2,22,0,0,0,0,0,0,0,0,0,0,1,0
23,10,27,31,2,22,0,0,0,0,1,0,0,0,0,1,0,0
23,9,27,31,2,22,0,0,0,0,0,0,0,0,0,0,1,0
24,9,27,31,2,22,1,0,1,0,0,0,0,0,0,1,0,0
24,8,27,31,2,22,0,0,0,0,0,0,0,0,0,0,1,0
25,8,27,31,2,22,0,0,0,0,0,0,0,0,0,1,0,0
25,7,27,31,2,22,0,0,0,0,0,0,0,0,0,0,1,0
26,7,27,31,2,22,0,0,0,0,0,0,0,1,0,0,0,0
26,7,26,31,2,22,0,0,0,0,0,0,0,0,0,1,0,0
26,6,26,31,2,22,0,0,0,0,0,0,0,0,0,0,1,0
27,6,26,31,2,22,0,0,0,0,0,0,0,1,0,0,0,0
27,6,25,31,2,22,0,0,0,0,0,0,0,0,0,1,0,0
27,5,25,31,2,22,0,0,0,0,0,0,0,0,0,0,1,0
28,5,25,31,2,22,0,0,0,0,0,0,0,1,0,0,0,0
28,5,24,31,2,22,0,0,0,0,0,0,0,0,0,1,0,0
28,4,24,31,2,22,0,0,0,0,0,1,0,0,0,0,1,0
29,4,24,31,2,22,0,0,0,0,0,0,0,1,0,0,0,0
29,4,23,31,2,22,0,0,0,0,1,0,0,0,0,1,0,0
29,3,23,31,2,22,0,0,0,0,0,0,0,0,0,0,1,0
30,3,23,31,2,22,0,0,1,0,0,0,0,1,0,0,0,0
30,3,22,31,2,22,0,0,0,0,0,0,0,0,0,1,0,0
30,2,22,31,2,22,0,0,0,0,0,0,0,0,0,0,1,0
24,33,39,7,29,29,0,0,0,0,0,0,0,0,0,0,0,1
23,33,39,7,29,29,0,0,0,0,0,0,0,0,0,0,0,1
22,33,39,7,29,29,0,0,0,0,0,0,0,0,0,0,0,1
21,33,39,7,29,29,0,0,0,0,0,0,0,0,0,0,0,1
20,33,39,7,29,29,0,0,0,0,0,0,0,0,0,0,0,1
19,33,39,7,29,29,0,0,0,0,0,0,0,0,0,0,0,1
18,33,39,7,29,29,0,0,0,0,0,0,0,0,0,0,0,1
17,33,39,7,29,29,0,0,0,0,0,0,0,1,0,0,0,0
17,33,38,7,29,29,0,0,0,0,0,0,0,0,0,0,0,1
16,33,38,7,29,29,0,0,0,0,0,0,0,1,0,0,0,0
16,33,37,7,29,29,0,0,0,0,0,0,0,0,0,0,0,1
15,33,37,7,29,29,0,0,0,0,0,0,0,1,0,0,0,0
15,33,36,7,29,29,0,0,0,0,0,0,0,0,0,0,0,1
14,33,36,7,29,29,0,0,0,1,0,0,0,1,0,0,0,0
14,33,35,7,29,29,0,0,0,0,0,0,0,0,0,0,0,1
13,33,35,7,29,29,0,0,0,0,0,0,0,1,0,0,0,0
13,33,34,7,29,29,0,0,0,0,0,0,0,0,0,0,0,1
12,33,34,7,29,29,0,0,0,0,0,0,0,1,0,0,0,0
12,33,33,7,29,29,0,0,0,0,0,0,0,0,0,0,0,1
11,33,33,7,29,29,0,0,0,0,0,0,0,1,0,0,0,0
11,33,32,7,29,29,0,0,0,0,0,0,0,0,0,1,0,0
11,32,32,7,29,29,0,0,0,0,0,0,0,0,0,0,0,1
10,32,32,7,29,29,0,0,0,0,0,0,0,1,0,0,0,0
10,32,31,7,29,29,0,0,0,0,0,0,0,0,0,1,0,0
10,31,31,7,29,29,0,0,0,0,0,0,0,0,0,0,0,1
9,31,31,7,29,29,0,0,0,0,0,0,0,1,0,0,0,0
9,31,30,7,29,29,0,0,0,0,0,0,0,0,0,1,0,0
9,30,30,7,29,29,0,0,0,0,0,0,0,0,0,0,0,1
8,30,30,7,29,29,0,0,0,0,0,0,0,1,0,0,0,0
8,30,29,7,29,29,0,1,0,0,0,0,0,0,0,1,0,0
8,29,29,7,29,29,0,0,0,0,0,0,0,0,0,0,0,1
42,56,46,8,3,58,0,0,0,0,0,0,0,0,0,1,0,0
42,55,46,8,3,58,0,0,0,0,0,0,0,0,0,1,0,0
42,54,46,8,3,58,0,0,0,0,0,0,0,0,0,1,0,0
42,53,46,8,3,58,0,0,0,0,0,0,0,0,0,1,0,0
42,52,46,8,3,58,0,0,0,0,0,0,0,0,0,1,0,0
42,51,46,8,3,58,0,1,0,1,0,0,0,0,0,0,0,1
41,51,46,8,3,58,0,0,0,0,0,0,0,0,0,1,0,0
41,50,46,8,3,58,0,0,0,0,1,0,0,0,0,1,0,0
41,49,46,8,3,58,0,0,0,0,0,0,0,0,0,1,0,0
41,48,46,8,3,58,0,0,0,0,0,0,0,0,0,1,0,0
41,47,46,8,3,58,0,0,0,0,0,0,0,0,0,1,0,0
41,46,46,8,3,58,0,0,0,0,0,0,0,0,0,1,0,0
41,45,46,8,3,58,0,1,0,0,0,0,0,0,0,1,0,0
41,44,46,8,3,58,0,0,0,0,0,0,0,0,0,1,0,0
41,43,46,8,3,58,0,0,0,0,0,0,0,0,0,1,0,0
41,42,46,8,3,58,0,0,0,0,0,0,0,0,0,1,0,0
41,41,46,8,3,58,0,0,0,0,0,1,0,0,0,1,0,0
41,40,46,8,3,58,0,0,0,0,1,0,0,0,0,1,0,0
41,39,46,8,3,58,0,0,0,0,0,0,0,0,0,1,0,0
41,38,46,8,3,58,0,0,0,0,1,0,0,0,0,1,0,0
41,37,46,8,3,58,0,0,0,0,0,0,0,0,0,1,0,0
41,36,46,8,3,58,0,0,0,0,0,0,0,0,0,1,0,0
41,35,46,8,3,58,0,0,0,0,0,0,0,0,0,0,0,1
40,35,46,8,3,58,0,0,0,0,0,0,0,0,0,1,0,0
40,34,46,8,3,58,0,0,0,0,0,0,0,0,0,0,0,1
39,34,46,8,3,58,0,0,0,0,0,0,0,0,0,1,0,0
39,33,46,8,3,58,0,0,0,0,0,0,0,0,0,0,0,1
38,33,46,8,3,58,0,0,0,0,0,0,0,0,0,1,0,0
38,32,46,8,3,58,0,0,0,0,0,0,0,0,0,0,0,1
37,32,46,8,3,58,0,0,0,0,0,0,0,0,0,1,0,0
37,31,46,8,3,58,0,0,0,0,0,0,0,0,0,0,0,1
36,31,46,8,3,58,0,0,0,0,0,0,0,0,0,1,0,0
36,30,46,8,3,58,0,0,0,0,0,0,0,0,0,0,0,1
35,30,46,8,3,58,0,0,0,0,0,0,0,0,0,1,0,0
35,29,46,8,3,58,0,0,0,1,0,0,0,0,0,0,0,1
34,29,46,8,3,58,1,0,0,0,0,0,0,0,0,1,0,0
34,28,46,8,3,58,0,0,0,0,1,0,0,0,0,0,0,1
33,28,46,8,3,58,0,0,0,0,0,0,0,0,0,1,0,0
33,27,46,8,3,58,0,0,0,0,0,0,0,0,0,0,0,1
32,27,46,8,3,58,0,0,0,1,0,0,0,0,0,0,0,1
31,27,46,8,3,58,0,0,0,0,0,0,0,0,0,1,0,0
31,26,46,8,3,58,0,0,0,0,1,0,0,0,0,1,0,0
31,25,46,8,3,58,0,0,0,0,0,0,0,0,0,0,0,1
30,25,46,8,3,58,0,0,0,0,0,0,0,0,0,1,0,0
30,24,46,8,3,58,0,0,0,0,0,0,0,0,0,0,0,1
29,24,46,8,3,58,0,0,0,0,0,0,0,0,0,1,0,0
29,23,46,8,3,58,0,0,0,0,0,0,0,0,0,0,0,1
28,23,46,8,3,58,0,0,0,0,0,0,0,0,0,1,0,0
28,22,46,8,3,58,0,0,0,0,0,0,0,0,0,0,0,1
27,22,46,8,3,58,0,0,0,0,0,0,0,0,0,1,0,0
27,21,46,8,3,58,0,0,0,0,0,0,0,0,0,0,0,1
26,21,46,8,3,58,0,0,0,0,0,0,0,0,0,1,0,0
26,20,46,8,3,58,0,0,0,0,0,0,0,0,0,0,0,1
25,20,46,8,3,58,0,0,0,0,0,0,0,0,0,1,0,0
25,19,46,8,3,58,0,0,0,0,0,0,0,0,0,0,0,1
24,19,46,8,3,58,0,0,0,0,0,0,0,0,0,1,0,0
24,18,46,8,3,58,0,0,0,0,0,0,0,0,0,0,0,1
23,18,46,8,3,58,0,0,0,0,0,0,0,0,0,1,0,0
23,17,46,8,3,58,0,0,0,0,0,0,0,0,0,0,0,1
22,17,46,8,3,58,0,0,0,0,0,0,0,0,0,1,0,0
22,16,46,8,3,58,0,0,0,0,0,0,0,0,0,0,0,1
21,16,46,8,3,58,0,0,0,0,0,0,0,0,0,1,0,0
21,15,46,8,3,58,0,0,0,0,0,0,0,0,0,0,0,1
20,15,46,8,3,58,0,0,0,0,0,1,1,0,0,0,0,0
20,15,47,8,3,58,0,0,0,0,0,0,0,0,0,1,0,0
20,14,47,8,3,58,0,0,0,0,0,0,0,0,0,0,0,1
19,14,47,8,3,58,0,0,0,0,0,0,1,0,0,0,0,0
19,14,48,8,3,58,0,0,0,1,0,0,0,0,0,0,0,1
18,14,48,8,3,58,0,0,0,0,0,1,0,0,0,1,0,0
18,13,48,8,3,58,0,0,0,0,1,0,1,0,0,0,0,0
18,13,49,8,3,58,0,0,0,0,0,0,0,0,0,1,0,0
18,12,49,8,3,58,0,0,0,0,0,0,0,0,0,0,0,1
17,12,49,8,3,58,0,0,0,0,0,0,1,0,0,0,0,0
17,12,50,8,3,58,0,0,0,0,0,0,0,0,0,1,0,0
17,11,50,8,3,58,0,0,0,0,0,0,0,0,0,0,0,1
16,11,50,8,3,58,0,0,0,0,0,0,1,0,0,0,0,0
16,11,51,8,3,58,0,0,0,0,0,0,0,0,0,1,0,0
16,10,51,8,3,58,0,0,0,0,0,0,0,0,0,0,0,1
15,10,51,8,3,58,0,0,0,0,0,0,1,0,0,0,0,0
15,10,52,8,3,58,0,0,0,0,0,0,0,0,0,1,0,0
15,9,52,8,3,58,0,0,0,0,0,0,0,0,0,0,0,1
14,9,52,8,3,58,0,0,0,0,0,0,1,0,0,0,0,0
14,9,53,8,3,58,0,0,0,0,0,0,0,0,0,1,0,0
14,8,53,8,3,58,0,0,0,0,0,0,0,0,0,0,0,1
13,8,53,8,3,58,0,0,0,0,0,0,1,0,0,0,0,0
13,8,54,8,3,58,0,0,0,0,0,0,0,0,0,1,0,0
13,7,54,8,3,58,0,0,0,0,0,0,0,0,0,0,0,1
12,7,54,8,3,58,0,0,0,0,0,0,1,0,0,0,0,0
12,7,55,8,3,58,0,0,0,0,0,0,0,0,0,1,0,0
12,6,55,8,3,58,0,0,0,0,0,0,0,0,0,0,0,1
11,6,55,8,3,58,0,0,0,0,0,0,1,0,0,0,0,0
11,6,56,8,3,58,0,0,0,0,0,0,0,0,0,1,0,0
11,5,56,8,3,58,0,0,0,1,0,0,0,0,0,0,0,1
10,5,56,8,3,58,0,0,0,0,0,0,1,0,0,0,0,0
10,5,57,8,3,58,0,0,0,0,0,0,0,0,0,1,0,0
10,4,57,8,3,58,0,0,0,0,0,0,0,0,0,0,0,1
9,4,57,8,3,58,0,0,0,0,0,0,1,0,0,0,0,0
9,4,58,8,3,58,0,0,0,0,0,0,0,0,0,1,0,0
9,3,58,8,3,58,0,0,0,0,0,0,0,0,0,0,0,1
4,47,33,43,21,24,0,1,0,0,0,0,0,0,0,0,1,0
5,47,33,43,21,24,0,0,0,0,0,0,0,0,0,0,1,0
6,47,33,43,21,24,0,0,0,0,0,0,0,0,0,0,1,0
7,47,33,43,21,24,0,0,0,0,0,0,0,0,0,0,1,0
8,47,33,43,21,24,0,0,0,0,0,0,0,0,0,0,1,0
9,47,33,43,21,24,0,0,0,0,0,0,0,0,0,0,1,0
10,47,33,43,21,24,0,0,0,0,1,0,0,0,0,1,0,0
10,46,33,43,21,24,0,0,0,0,0,0,0,0,0,0,1,0
11,46,33,43,21,24,1,0,1,1,0,0,0,0,0,0,1,0
12,46,33,43,21,24,0,0,0,0,0,0,0,0,0,0,1,0
13,46,33,43,21,24,0,0,0,0,1,0,0,0,0,1,0,0
13,45,33,43,21,24,0,0,0,0,0,0,0,0,0,0,1,0
14,45,33,43,21,24,0,0,1,0,0,0,0,0,0,0,1,0
15,45,33,43,21,24,0,0,0,0,1,0,0,0,0,1,0,0
15,44,33,43,21,24,0,0,0,0,0,0,0,0,0,0,1,0
16,44,33,43,21,24,0,0,1,0,0,0,0,0,0,0,1,0
17,44,33,43,21,24,0,0,0,1,0,0,0,0,0,0,1,0
18,44,33,43,21,24,0,0,0,0,0,0,0,0,0,0,1,0
19,44,33,43,21,24,0,0,0,0,1,0,0,0,0,1,0,0
19,43,33,43,21,24,0,0,0,1,0,0,0,0,0,0,1,0
20,43,33,43,21,24,0,0,1,0,0,0,0,0,0,0,1,0
21,43,33,43,21,24,0,0,0,0,0,0,0,0,0,1,0,0
21,42,33,43,21,24,1,0,0,0,0,0,0,0,0,0,1,0
22,42,33,43,21,24,0,0,0,1,0,0,0,0,0,0,1,0
23,42,33,43,21,24,0,0,0,0,0,0,0,0,0,1,0,0
23,41,33,43,21,24,0,0,0,0,0,1,0,0,0,1,0,0
23,40,33,43,21,24,0,0,0,0,0,1,0,0,0,0,1,0
24,40,33,43,21,24,0,0,0,0,0,0,0,0,0,1,0,0
24,39,33,43,21,24,0,0,0,0,0,0,0,0,0,0,1,0
25,39,33,43,21,24,0,0,0,0,0,0,0,0,0,1,0,0
25,38,33,43,21,24,0,1,0,0,0,0,0,0,0,0,1,0
26,38,33,43,21,24,0,0,0,0,0,0,0,0,0,1,0,0
26,37,33,43,21,24,0,0,0,0,0,0,0,0,0,0,1,0
27,37,33,43,21,24,0,0,0,0,0,0,0,0,0,1,0,0
27,36,33,43,21,24,0,0,0,0,0,0,0,0,0,0,1,0
28,36,33,43,21,24,0,0,0,0,0,0,0,0,0,1,0,0
28,35,33,43,21,24,0,1,0,0,0,0,0,0,0,0,1,0
29,35,33,43,21,24,1,0,0,0,0,0,0,0,0,1,0,0
29,34,33,43,21,24,0,0,0,0,0,0,0,0,0,0,1,0
30,34,33,43,21,24,0,0,0,0,0,0,0,0,0,1,0,0
30,33,33,43,21,24,0,0,0,0,0,0,0,0,0,0,1,0
31,33,33,43,21,24,0,0,0,0,0,0,0,0,0,1,0,0
31,32,33,43,21,24,0,0,0,0,0,0,0,0,0,0,1,0
32,32,33,43,21,24,0,0,0,0,0,0,0,0,0,1,0,0
32,31,33,43,21,24,0,0,0,0,0,0,0,0,0,0,1,0
33,31,33,43,21,24,0,0,0,0,0,0,0,0,0,1,0,0
33,30,33,43,21,24,0,0,0,0,0,0,0,0,0,0,1,0
34,30,33,43,21,24,0,0,0,0,1,0,0,1,0,0,0,0
34,30,32,43,21,24,0,0,0,0,0,0,0,0,0,1,0,0
34,29,32,43,21,24,0,0,0,0,0,0,0,0,0,0,1,0
35,29,32,43,21,24,0,0,0,0,0,0,0,1,0,0,0,0
35,29,31,43,21,24,0,0,0,0,0,0,0,0,0,1,0,0
35,28,31,43,21,24,0,1,0,1,0,0,0,0,0,0,1,0
36,28,31,43,21,24,0,0,0,0,0,0,0,1,0,0,0,0
36,28,30,43,21,24,0,0,0,0,0,1,0,0,0,1,0,0
36,27,30,43,21,24,0,0,0,0,0,0,0,0,0,0,1,0
37,27,30,43,21,24,0,0,0,0,0,0,0,1,0,0,0,0
37,27,29,43,21,24,0,0,0,0,0,0,0,0,0,1,0,0
37,26,29,43,21,24,0,0,0,0,0,0,0,0,0,0,1,0
38,26,29,43,21,24,0,0,0,0,0,0,0,1,0,0,0,0
38,26,28,43,21,24,0,0,0,0,0,0,0,0,0,1,0,0
38,25,28,43,21,24,0,0,0,0,0,0,0,0,0,0,1,0
39,25,28,43,21,24,0,0,0,0,0,0,0,1,0,0,0,0
39,25,27,43,21,24,0,0,0,0,0,0,0,0,0,1,0,0
39,24,27,43,21,24,0,0,0,0,0,0,0,0,0,0,1,0
40,24,27,43,21,24,0,0,0,0,0,0,0,1,0,0,0,0
40,24,26,43,21,24,0,0,0,0,0,0,0,0,0,1,0,0
40,23,26,43,21,24,0,0,0,0,0,0,0,0,0,0,1,0
41,23,26,43,21,24,0,0,0,0,0,0,0,1,0,0,0,0
41,23,25,43,21,24,0,0,0,0,0,0,0,0,0,1,0,0
41,22,25,43,21,24,0,0,0,0,0,0,0,0,0,0,1,0
42,22,25,43,21,24,0,0,0,0,0,0,0,1,0,0,0,0
42,22,24,43,21,24,0,0,0,0,0,0,0,0,0,1,0,0
42,21,24,43,21,24,0,0,0,0,0,0,0,0,0,0,1,0
34,12,33,26,51,57,0,0,0,0,0,0,0,0,1,0,0,0
34,13,33,26,51,57,0,0,0,0,0,0,0,0,1,0,0,0
34,14,33,26,51,57,0,0,0,0,0,0,0,0,1,0,0,0
34,15,33,26,51,57,0,0,1,0,0,0,1,0,0,0,0,0
34,15,34,26,51,57,0,0,0,0,0,0,0,0,1,0,0,0
34,16,34,26,51,57,0,1,0,0,0,0,0,0,1,0,0,0
34,17,34,26,51,57,0,0,0,0,1,0,0,0,1,0,0,0
34,18,34,26,51,57,0,0,0,0,0,0,0,0,1,0,0,0
34,19,34,26,51,57,0,0,0,0,0,0,0,0,1,0,0,0
34,20,34,26,51,57,0,0,0,0,0,0,0,0,1,0,0,0
34,21,34,26,51,57,0,0,0,0,0,0,0,0,1,0,0,0
34,22,34,26,51,57,0,0,0,0,0,0,0,0,1,0,0,0
34,23,34,26,51,57,0,0,0,0,1,0,0,0,1,0,0,0
34,24,34,26,51,57,0,0,0,0,0,0,0,0,1,0,0,0
34,25,34,26,51,57,0,0,0,0,0,0,0,0,1,0,0,0
34,26,34,26,51,57,0,0,0,0,0,0,0,0,1,0,0,0
34,27,34,26,51,57,0,0,0,0,0,0,0,0,1,0,0,0
34,28,34,26,51,57,0,0,0,0,0,0,1,0,0,0,0,0
34,28,35,26,51,57,0,0,0,0,0,0,0,0,1,0,0,0
34,29,35,26,51,57,0,0,0,0,1,0,1,0,0,0,0,0
34,29,36,26,51,57,0,0,0,0,0,0,0,0,1,0,0,0
34,30,36,26,51,57,0,0,0,0,0,0,1,0,0,0,0,0
34,30,37,26,51,57,0,0,0,0,0,0,0,0,1,0,0,0
34,31,37,26,51,57,0,0,0,0,0,0,1,0,0,0,0,0
34,31,38,26,51,57,0,0,0,0,0,0,0,0,1,0,0,0
34,32,38,26,51,57,0,0,0,0,0,1,1,0,0,0,0,0
34,32,39,26,51,57,0,0,0,0,0,0,0,0,1,0,0,0
34,33,39,26,51,57,0,0,0,0,0,0,1,0,0,0,0,0
34,33,40,26,51,57,0,0,0,0,0,0,0,0,1,0,0,0
34,34,40,26,51,57,0,0,0,0,0,1,1,0,0,0,0,0
34,34,41,26,51,57,0,0,0,0,0,0,0,0,1,0,0,0
34,35,41,26,51,57,0,0,0,0,0,0,1,0,0,0,0,0
34,35,42,26,51,57,0,0,0,0,0,0,0,0,1,0,0,0
34,36,42,26,51,57,0,0,0,0,0,0,1,0,0,0,0,0
34,36,43,26,51,57,0,0,0,0,0,0,0,0,1,0,0,0
34,37,43,26,51,57,0,0,1,0,0,0,1,0,0,0,0,0
34,37,44,26,51,57,0,0,0,0,0,0,0,0,1,0,0,0
34,38,44,26,51,57,0,1,0,0,0,0,1,0,0,0,0,0
34,38,45,26,51,57,0,0,0,0,0,0,0,0,1,0,0,0
34,39,45,26,51,57,0,0,0,0,0,0,1,0,0,0,0,0
34,39,46,26,51,57,0,0,0,0,0,0,0,0,1,0,0,0
34,40,46,26,51,57,0,0,0,0,0,0,1,0,0,0,0,0
34,40,47,26,51,57,0,0,0,0,0,0,0,0,1,0,0,0
34,41,47,26,51,57,0,0,0,0,0,0,1,0,0,0,0,0
34,41,48,26,51,57,0,0,0,0,0,0,0,0,1,0,0,0
34,42,48,26,51,57,0,0,0,0,0,0,1,0,0,0,0,0
34,42,49,26,51,57,0,0,0,0,0,0,0,0,1,0,0,0
34,43,49,26,51,57,0,0,0,0,0,0,1,0,0,0,0,0
34,43,50,26,51,57,0,0,0,0,0,0,0,0,1,0,0,0
34,44,50,26,51,57,0,0,0,0,0,0,0,0,0,0,0,1
33,44,50,26,51,57,0,0,0,0,0,0,1,0,0,0,0,0
33,44,51,26,51,57,0,0,0,0,0,0,0,0,1,0,0,0
33,45,51,26,51,57,0,0,0,0,0,0,0,0,0,0,0,1
32,45,51,26,51,57,0,0,0,0,0,0,1,0,0,0,0,0
32,45,52,26,51,57,1,0,0,0,0,0,0,0,1,0,0,0
32,46,52,26,51,57,0,0,0,0,1,0,0,0,0,0,0,1
31,46,52,26,51,57,0,0,0,0,0,0,1,0,0,0,0,0
31,46,53,26,51,57,0,0,0,0,0,0,0,0,1,0,0,0
31,47,53,26,51,57,0,0,0,0,0,0,0,0,0,0,0,1
30,47,53,26,51,57,0,0,0,0,0,0,1,0,0,0,0,0
30,47,54,26,51,57,0,0,0,0,0,0,0,0,1,0,0,0
30,48,54,26,51,57,0,0,0,0,0,0,0,0,0,0,0,1
29,48,54,26,51,57,0,0,0,0,0,0,1,0,0,0,0,0
29,48,55,26,51,57,0,0,0,0,0,0,0,0,1,0,0,0
29,49,55,26,51,57,0,0,0,0,0,1,1,0,0,0,0,0
29,49,56,26,51,57,0,0,0,0,0,0,0,0,0,0,0,1
28,49,56,26,51,57,0,1,1,0,0,0,0,0,1,0,0,0
28,50,56,26,51,57,0,0,0,0,0,0,0,0,0,0,0,1
27,50,56,26,51,57,0,0,0,0,1,0,1,0,0,0,0,0
27,50,57,26,51,57,0,0,0,0,0,0,0,0,1,0,0,0
27,51,57,26,51,57,0,0,0,0,0,0,0,0,0,0,0,1
26,54,37,39,3,24,0,0,0,0,0,0,0,0,0,1,0,0
26,53,37,39,3,24,0,0,0,1,0,0,0,1,0,0,0,0
26,53,36,39,3,24,0,0,0,1,0,0,0,0,0,0,1,0
27,53,36,39,3,24,0,0,0,0,0,0,0,0,0,1,0,0
27,52,36,39,3,24,0,0,0,0,0,1,0,0,0,1,0,0
27,51,36,39,3,24,0,0,0,0,0,0,0,0,0,1,0,0
27,50,36,39,3,24,0,0,0,0,0,0,0,0,0,1,0,0
27,49,36,39,3,24,0,0,0,0,0,0,0,0,0,1,0,0
27,48,36,39,3,24,0,0,0,0,0,0,0,0,0,1,0,0
27,47,36,39,3,24,0,0,0,0,0,0,0,0,0,1,0,0
27,46,36,39,3,24,0,0,0,0,0,0,0,0,0,1,0,0
27,45,36,39,3,24,0,0,0,0,0,0,0,0,0,1,0,0
27,44,36,39,3,24,0,0,0,0,0,0,0,0,0,1,0,0
27,43,36,39,3,24,0,0,0,0,0,0,0,0,0,1,0,0
27,42,36,39,3,24,0,0,0,0,0,0,0,0,0,1,0,0
27,41,36,39,3,24,0,0,0,0,0,0,0,0,0,1,0,0
27,40,36,39,3,24,0,0,0,0,0,1,0,0,0,1,0,0
27,39,36,39,3,24,0,0,0,0,0,0,0,0,0,1,0,0
27,38,36,39,3,24,1,0,0,0,0,0,0,0,0,1,0,0
27,37,36,39,3,24,0,0,0,0,0,0,0,0,0,1,0,0
27,36,36,39,3,24,0,0,0,0,0,0,0,0,0,1,0,0
27,35,36,39,3,24,0,0,0,0,0,0,0,0,0,1,0,0
27,34,36,39,3,24,0,0,0,0,0,0,0,0,0,1,0,0
27,33,36,39,3,24,0,0,0,0,0,0,0,0,0,1,0,0
27,32,36,39,3,24,0,0,0,0,0,0,0,0,0,1,0,0
27,31,36,39,3,24,0,0,0,0,0,0,0,0,0,1,0,0
27,30,36,39,3,24,0,0,0,0,0,0,0,0,0,1,0,0
27,29,36,39,3,24,0,0,0,0,0,0,0,0,0,1,0,0
27,28,36,39,3,24,0,0,0,0,0,1,0,0,0,1,0,0
27,27,36,39,3,24,0,0,0,0,1,0,0,0,0,1,0,0
27,26,36,39,3,24,0,0,0,0,0,0,0,0,0,1,0,0
27,25,36,39,3,24,0,0,0,0,0,0,0,0,0,1,0,0
27,24,36,39,3,24,0,0,0,0,0,0,0,0,0,1,0,0
27,23,36,39,3,24,1,0,0,0,0,0,0,0,0,1,0,0
27,22,36,39,3,24,0,0,0,0,0,0,0,0,0,1,0,0
27,21,36,39,3,24,0,0,0,0,0,0,0,0,0,1,0,0
27,20,36,39,3,24,0,0,0,0,0,0,0,0,0,1,0,0
27,19,36,39,3,24,0,0,0,0,0,0,0,0,0,1,0,0
27,18,36,39,3,24,1,0,0,0,0,0,0,0,0,1,0,0
27,17,36,39,3,24,0,0,0,0,0,0,0,0,0,1,0,0
27,16,36,39,3,24,0,0,0,0,0,0,0,0,0,1,0,0
27,15,36,39,3,24,0,0,0,0,0,0,0,1,0,0,0,0
27,15,35,39,3,24,0,0,0,0,0,0,0,0,0,1,0,0
27,14,35,39,3,24,0,0,0,0,0,0,0,0,0,0,1,0
28,14,35,39,3,24,0,0,0,0,0,0,0,1,0,0,0,0
28,14,34,39,3,24,0,0,1,0,0,0,0,0,0,1,0,0
28,13,34,39,3,24,0,0,0,0,0,0,0,0,0,0,1,0
29,13,34,39,3,24,0,0,0,0,0,0,0,1,0,0,0,0
29,13,33,39,3,24,0,0,0,0,0,0,0,0,0,1,0,0
29,12,33,39,3,24,0,0,0,0,0,0,0,0,0,0,1,0
30,12,33,39,3,24,0,0,0,0,0,0,0,1,0,0,0,0
30,12,32,39,3,24,0,0,0,0,0,0,0,0,0,1,0,0
30,11,32,39,3,24,0,0,0,0,0,0,0,0,0,0,1,0
31,11,32,39,3,24,0,0,0,0,0,0,0,1,0,0,0,0
31,11,31,39,3,24,0,0,0,0,0,0,0,0,0,1,0,0
31,10,31,39,3,24,0,0,0,1,0,0,0,0,0,0,1,0
32,10,31,39,3,24,0,0,0,0,0,0,0,1,0,0,0,0
32,10,30,39,3,24,0,0,0,0,0,0,0,0,0,1,0,0
32,9,30,39,3,24,0,0,0,0,0,0,0,0,0,0,1,0
33,9,30,39,3,24,0,0,0,0,0,0,0,1,0,0,0,0
33,9,29,39,3,24,0,0,0,0,0,0,0,0,0,1,0,0
33,8,29,39,3,24,0,0,0,0,0,0,0,0,0,0,1,0
34,8,29,39,3,24,0,0,0,0,0,0,0,1,0,0,0,0
34,8,28,39,3,24,0,0,0,0,0,0,0,0,0,1,0,0
34,7,28,39,3,24,0,0,0,0,0,0,0,0,0,0,1,0
35,7,28,39,3,24,0,0,0,0,0,0,0,1,0,0,0,0
35,7,27,39,3,24,0,0,0,0,1,0,0,0,0,1,0,0
35,6,27,39,3,24,0,0,0,0,1,0,0,1,0,0,0,0
35,6,26,39,3,24,0,1,0,0,0,0,0,0,0,0,1,0
36,6,26,39,3,24,1,0,0,0,0,0,0,0,0,1,0,0
36,5,26,39,3,24,0,0,0,0,0,0,0,0,0,0,1,0
37,5,26,39,3,24,0,0,0,0,0,0,0,1,0,0,0,0
37,5,25,39,3,24,0,0,0,0,0,0,0,0,0,1,0,0
37,4,25,39,3,24,0,0,0,0,0,0,0,0,0,0,1,0
38,4,25,39,3,24,0,0,0,0,0,0,0,1,0,0,0,0
38,4,24,39,3,24,0,0,0,0,0,0,0,0,0,1,0,0
38,3,24,39,3,24,0,0,0,0,0,0,0,0,0,0,1,0
19,17,32,44,49,23,0,0,0,0,0,0,0,0,1,0,0,0
19,18,32,44,49,23,0,0,0,0,0,0,0,0,1,0,0,0
19,19,32,44,49,23,0,0,0,0,0,0,0,0,1,0,0,0
19,20,32,44,49,23,0,1,0,0,0,1,0,0,1,0,0,0
19,21,32,44,49,23,0,0,0,0,0,0,0,0,1,0,0,0
19,22,32,44,49,23,0,0,0,0,0,0,0,0,1,0,0,0
19,23,32,44,49,23,0,1,0,0,0,0,0,0,1,0,0,0
19,24,32,44,49,23,0,0,0,0,0,0,0,0,1,0,0,0
19,25,32,44,49,23,0,0,0,0,0,0,0,0,0,0,1,0
20,25,32,44,49,23,0,0,0,0,0,0,0,0,1,0,0,0
20,26,32,44,49,23,0,0,0,0,0,0,0,0,0,0,1,0
21,26,32,44,49,23,0,0,0,0,0,0,0,0,1,0,0,0
21,27,32,44,49,23,0,0,0,0,0,0,0,0,0,0,1,0
22,27,32,44,49,23,0,0,0,0,0,0,0,0,1,0,0,0
22,28,32,44,49,23,0,0,0,0,0,0,0,0,0,0,1,0
23,28,32,44,49,23,0,0,0,0,0,0,0,0,1,0,0,0
23,29,32,44,49,23,0,1,0,0,0,0,0,0,0,0,1,0
24,29,32,44,49,23,0,0,0,0,0,0,0,0,1,0,0,0
24,30,32,44,49,23,0,0,0,0,0,0,0,0,0,0,1,0
25,30,32,44,49,23,0,0,0,0,0,0,0,0,1,0,0,0
25,31,32,44,49,23,0,0,0,0,0,0,0,0,0,0,1,0
26,31,32,44,49,23,0,0,0,0,0,0,0,0,1,0,0,0
26,32,32,44,49,23,0,0,1,0,0,0,0,0,0,0,1,0
27,32,32,44,49,23,0,0,0,0,0,0,0,0,1,0,0,0
27,33,32,44,49,23,0,0,0,0,0,1,0,0,0,0,1,0
28,33,32,44,49,23,0,0,0,0,0,0,0,0,1,0,0,0
28,34,32,44,49,23,0,0,1,0,0,0,0,0,0,0,1,0
29,34,32,44,49,23,0,0,0,0,0,0,0,0,1,0,0,0
29,35,32,44,49,23,0,0,0,0,0,1,0,0,0,0,1,0
30,35,32,44,49,23,0,0,0,0,0,0,0,0,1,0,0,0
30,36,32,44,49,23,0,0,0,0,0,0,0,0,0,0,1,0
31,36,32,44,49,23,0,0,0,0,0,0,0,0,1,0,0,0
31,37,32,44,49,23,0,0,0,0,0,0,0,0,0,0,1,0
32,37,32,44,49,23,0,0,0,0,0,0,0,0,1,0,0,0
32,38,32,44,49,23,0,0,0,0,1,0,0,0,1,0,0,0
32,39,32,44,49,23,0,0,0,0,0,0,0,0,0,0,1,0
33,39,32,44,49,23,0,0,0,1,0,0,0,0,0,0,1,0
34,39,32,44,49,23,0,0,0,0,0,0,0,0,1,0,0,0
34,40,32,44,49,23,0,0,0,0,0,0,0,0,0,0,1,0
35,40,32,44,49,23,0,0,0,0,0,0,0,1,0,0,0,0
35,40,31,44,49,23,0,0,0,0,1,0,0,0,1,0,0,0
35,41,31,44,49,23,0,0,0,0,0,0,0,0,0,0,1,0
36,41,31,44,49,23,0,0,0,1,0,0,0,1,0,0,0,0
36,41,30,44,49,23,0,0,0,0,0,0,0,0,1,0,0,0
36,42,30,44,49,23,0,0,0,0,0,0,0,0,0,0,1,0
37,42,30,44,49,23,0,0,0,0,0,0,0,1,0,0,0,0
37,42,29,44,49,23,0,0,0,0,0,0,0,0,1,0,0,0
37,43,29,44,49,23,0,0,0,0,0,0,0,0,0,0,1,0
38,43,29,44,49,23,0,0,0,0,1,0,0,1,0,0,0,0
38,43,28,44,49,23,0,0,0,0,0,0,0,0,1,0,0,0
38,44,28,44,49,23,0,0,0,0,0,0,0,0,0,0,1,0
39,44,28,44,49,23,0,0,0,0,0,0,0,1,0,0,0,0
39,44,27,44,49,23,0,0,0,0,0,0,0,0,1,0,0,0
39,45,27,44,49,23,0,0,0,0,0,0,0,0,0,0,1,0
40,45,27,44,49,23,1,0,0,0,0,0,0,1,0,0,0,0
40,45,26,44,49,23,0,0,0,0,0,0,0,0,1,0,0,0
40,46,26,44,49,23,0,0,0,0,0,0,0,0,0,0,1,0
41,46,26,44,49,23,0,0,0,0,0,0,0,1,0,0,0,0
41,46,25,44,49,23,0,0,0,0,0,0,0,0,1,0,0,0
41,47,25,44,49,23,0,0,0,0,0,0,0,0,0,0,1,0
42,47,25,44,49,23,0,0,0,0,0,0,0,1,0,0,0,0
42,47,24,44,49,23,0,0,0,0,0,0,0,0,1,0,0,0
42,48,24,44,49,23,0,0,0,0,0,0,0,0,0,0,1,0
43,48,24,44,49,23,0,0,0,0,0,0,0,1,0,0,0,0
43,48,23,44,49,23,0,0,0,0,0,0,0,0,1,0,0,0
43,49,23,44,49,23,0,0,0,0,0,1,0,0,0,0,1,0
3,2,24,14,42,24,0,0,0,1,0,1,0,0,1,0,0,0
3,3,24,14,42,24,0,0,0,0,0,0,0,0,1,0,0,0
3,4,24,14,42,24,0,0,0,0,0,0,0,0,1,0,0,0
3,5,24,14,42,24,0,0,0,0,0,0,0,0,1,0,0,0
3,6,24,14,42,24,0,0,0,0,0,0,0,0,1,0,0,0
3,7,24,14,42,24,0,0,0,0,1,0,0,0,1,0,0,0
3,8,24,14,42,24,0,0,0,0,0,0,0,0,1,0,0,0
3,9,24,14,42,24,0,0,0,0,0,0,0,0,1,0,0,0
3,10,24,14,42,24,1,0,0,0,0,0,0,0,1,0,0,0
3,11,24,14,42,24,0,0,0,0,0,0,0,0,1,0,0,0
3,12,24,14,42,24,0,0,0,0,0,0,0,0,1,0,0,0
3,13,24,14,42,24,0,0,0,0,0,0,0,0,1,0,0,0
3,14,24,14,42,24,0,0,0,0,0,0,0,0,1,0,0,0
3,15,24,14,42,24,0,0,0,0,0,0,0,0,1,0,0,0
3,16,24,14,42,24,0,0,0,0,0,0,0,0,1,0,0,0
3,17,24,14,42,24,0,0,0,0,1,0,0,0,1,0,0,0
3,18,24,14,42,24,0,0,0,0,1,0,0,0,1,0,0,0
3,19,24,14,42,24,0,0,0,0,0,0,0,0,1,0,0,0
3,20,24,14,42,24,0,0,0,0,0,0,0,0,1,0,0,0
3,21,24,14,42,24,0,0,0,0,0,0,0,0,1,0,0,0
3,22,24,14,42,24,0,0,0,0,1,0,0,0,1,0,0,0
3,23,24,14,42,24,0,0,0,0,0,0,0,0,1,0,0,0
3,24,24,14,42,24,0,0,0,0,0,0,0,0,1,0,0,0
3,25,24,14,42,24,0,0,0,0,0,0,0,0,1,0,0,0
3,26,24,14,42,24,0,0,1,0,0,0,0,0,0,0,1,0
4,26,24,14,42,24,0,0,0,0,0,0,0,0,1,0,0,0
4,27,24,14,42,24,0,0,0,0,0,1,0,0,1,0,0,0
4,28,24,14,42,24,0,0,0,0,0,0,0,0,1,0,0,0
4,29,24,14,42,24,0,0,0,0,0,0,0,0,1,0,0,0
4,30,24,14,42,24,0,0,0,0,0,0,0,0,1,0,0,0
4,31,24,14,42,24,0,0,0,0,0,0,0,0,1,0,0,0
4,32,24,14,42,24,0,0,0,0,0,0,0,0,1,0,0,0
4,33,24,14,42,24,0,0,0,0,0,0,0,0,0,0,1,0
5,33,24,14,42,24,0,1,0,0,0,0,0,0,1,0,0,0
5,34,24,14,42,24,0,1,0,0,0,0,0,0,0,0,1,0
6,34,24,14,42,24,0,0,0,0,0,0,0,0,1,0,0,0
6,35,24,14,42,24,0,0,0,0,0,0,0,0,0,0,1,0
7,35,24,14,42,24,0,0,0,0,0,0,0,0,1,0,0,0
7,36,24,14,42,24,1,0,0,0,1,0,0,0,1,0,0,0
7,37,24,14,42,24,0,0,0,0,0,0,0,0,0,0,1,0
8,37,24,14,42,24,0,0,0,1,0,0,0,0,0,0,1,0
9,37,24,14,42,24,0,0,0,0,0,0,0,0,1,0,0,0
9,38,24,14,42,24,0,0,0,0,0,0,0,0,0,0,1,0
10,38,24,14,42,24,0,0,1,0,0,0,0,0,0,0,1,0
11,38,24,14,42,24,0,0,0,0,0,0,0,0,1,0,0,0
11,39,24,14,42,24,0,0,0,0,1,1,0,0,1,0,0,0
11,40,24,14,42,24,0,0,0,0,0,0,0,0,0,0,1,0
12,40,24,14,42,24,0,0,0,1,0,0,0,0,1,0,0,0
12,41,24,14,42,24,0,0,0,0,0,0,0,0,0,0,1,0
13,41,24,14,42,24,0,0,0,0,0,0,0,0,1,0,0,0
13,42,24,14,42,24,0,0,0,0,0,0,0,0,0,0,1,0
35,32,5,35,53,2,0,0,0,0,0,0,0,0,1,0,0,0
35,33,5,35,53,2,0,0,0,0,0,0,0,0,1,0,0,0
35,34,5,35,53,2,0,0,0,0,0,0,0,0,1,0,0,0
35,35,5,35,53,2,0,0,0,0,0,0,0,0,1,0,0,0
35,36,5,35,53,2,0,0,0,0,0,0,0,0,1,0,0,0
35,37,5,35,53,2,0,0,0,0,1,0,0,0,1,0,0,0
35,38,5,35,53,2,0,0,1,0,0,0,0,1,0,0,0,0
35,38,4,35,53,2,0,0,0,0,0,0,0,0,1,0,0,0
35,39,4,35,53,2,1,0,0,0,0,0,0,0,1,0,0,0
35,40,4,35,53,2,0,0,0,0,0,0,0,0,1,0,0,0
35,41,4,35,53,2,0,0,0,0,0,0,0,0,1,0,0,0
35,42,4,35,53,2,0,0,0,0,0,0,0,0,1,0,0,0
35,43,4,35,53,2,0,0,0,0,0,0,0,0,1,0,0,0
35,44,4,35,53,2,0,0,0,0,0,0,0,0,1,0,0,0
35,45,4,35,53,2,0,0,0,0,0,0,0,0,1,0,0,0
35,46,4,35,53,2,0,0,0,0,0,0,0,0,1,0,0,0
35,47,4,35,53,2,0,0,1,0,0,0,0,1,0,0,0,0
35,47,3,35,53,2,0,0,0,0,0,0,0,0,1,0,0,0
35,48,3,35,53,2,1,0,0,0,0,0,0,0,1,0,0,0
35,49,3,35,53,2,0,0,0,0,0,0,0,0,1,0,0,0
35,50,3,35,53,2,0,0,0,0,0,0,0,0,1,0,0,0
35,51,3,35,53,2,0,0,0,0,0,0,0,0,1,0,0,0
35,52,3,35,53,2,0,0,0,0,0,0,0,1,0,0,0,0
35,52,2,35,53,2,0,0,0,0,0,0,0,0,1,0,0,0
24,0,14,2,53,52,0,0,0,0,0,0,0,0,1,0,0,0
24,1,14,2,53,52,0,0,0,0,0,0,0,0,1,0,0,0
24,2,14,2,53,52,0,0,0,0,0,0,0,0,1,0,0,0
24,3,14,2,53,52,0,0,0,0,0,0,0,0,1,0,0,0
24,4,14,2,53,52,0,0,0,0,0,0,0,0,1,0,0,0
24,5,14,2,53,52,0,0,0,0,0,0,0,0,1,0,0,0
24,6,14,2,53,52,0,0,0,0,0,0,0,0,1,0,0,0
24,7,14,2,53,52,0,0,0,0,0,0,0,0,1,0,0,0
24,8,14,2,53,52,0,0,0,0,0,0,0,0,1,0,0,0
24,9,14,2,53,52,0,0,0,0,0,1,0,0,1,0,0,0
24,10,14,2,53,52,0,1,0,0,0,0,0,0,1,0,0,0
24,11,14,2,53,52,0,0,0,0,0,0,0,0,1,0,0,0
24,12,14,2,53,52,0,0,1,0,0,0,1,0,0,0,0,0
24,12,15,2,53,52,0,0,0,0,0,1,0,0,1,0,0,0
24,13,15,2,53,52,0,1,0,0,0,0,0,0,1,0,0,0
24,14,15,2,53,52,0,0,1,0,0,0,1,0,0,0,0,0
24,14,16,2,53,52,0,0,0,0,0,0,0,0,1,0,0,0
24,15,16,2,53,52,0,1,0,0,0,0,0,0,1,0,0,0
24,16,16,2,53,52,0,0,0,0,0,0,0,0,1,0,0,0
24,17,16,2,53,52,0,0,0,0,0,0,1,0,0,0,0,0
24,17,17,2,53,52,0,0,0,0,0,0,0,0,1,0,0,0
24,18,17,2,53,52,0,0,0,0,0,0,1,0,0,0,0,0
24,18,18,2,53,52,0,0,0,0,0,0,0,0,1,0,0,0
24,19,18,2,53,52,0,0,0,0,0,0,1,0,0,0,0,0
24,19,19,2,53,52,0,0,0,0,0,0,0,0,1,0,0,0
24,20,19,2,53,52,1,0,0,0,0,0,0,0,1,0,0,0
24,21,19,2,53,52,0,0,0,0,0,0,1,0,0,0,0,0
24,21,20,2,53,52,0,0,0,1,0,0,1,0,0,0,0,0
24,21,21,2,53,52,0,0,0,0,0,0,0,0,1,0,0,0
24,22,21,2,53,52,0,0,1,0,0,0,1,0,0,0,0,0
24,22,22,2,53,52,0,0,0,0,0,0,0,0,1,0,0,0
24,23,22,2,53,52,0,1,0,0,0,0,1,0,0,0,0,0
24,23,23,2,53,52,0,0,0,0,0,0,0,0,1,0,0,0
24,24,23,2,53,52,0,0,0,0,0,0,1,0,0,0,0,0
24,24,24,2,53,52,0,0,0,0,0,0,0,0,1,0,0,0
24,25,24,2,53,52,0,0,0,0,0,0,1,0,0,0,0,0
24,25,25,2,53,52,0,0,0,0,0,0,0,0,1,0,0,0
24,26,25,2,53,52,0,0,0,0,0,0,1,0,0,0,0,0
24,26,26,2,53,52,0,0,0,0,0,0,0,0,1,0,0,0
24,27,26,2,53,52,0,0,0,0,0,0,1,0,0,0,0,0
24,27,27,2,53,52,0,0,0,0,0,0,0,0,1,0,0,0
24,28,27,2,53,52,0,0,0,0,0,0,1,0,0,0,0,0
24,28,28,2,53,52,0,0,0,0,0,1,0,0,1,0,0,0
24,29,28,2,53,52,0,0,0,0,0,0,1,0,0,0,0,0
24,29,29,2,53,52,0,0,0,0,0,0,0,0,1,0,0,0
24,30,29,2,53,52,1,0,0,0,0,0,0,0,1,0,0,0
24,31,29,2,53,52,0,0,0,0,0,0,1,0,0,0,0,0
24,31,30,2,53,52,0,0,0,1,0,0,1,0,0,0,0,0
24,31,31,2,53,52,0,0,0,0,0,0,0,0,1,0,0,0
24,32,31,2,53,52,0,0,0,0,0,0,0,0,0,0,0,1
23,32,31,2,53,52,0,0,0,0,0,0,1,0,0,0,0,0
23,32,32,2,53,52,0,0,0,0,0,0,0,0,1,0,0,0
23,33,32,2,53,52,0,0,0,0,0,0,0,0,0,0,0,1
22,33,32,2,53,52,0,1,0,0,0,0,1,0,0,0,0,0
22,33,33,2,53,52,0,0,0,0,0,0,0,0,1,0,0,0
22,34,33,2,53,52,0,0,0,0,0,0,0,0,0,0,0,1
21,34,33,2,53,52,0,0,0,0,0,0,1,0,0,0,0,0
21,34,34,2,53,52,0,0,0,0,0,0,0,0,1,0,0,0
21,35,34,2,53,52,0,0,0,0,0,0,0,0,0,0,0,1
20,35,34,2,53,52,0,0,0,0,0,0,1,0,0,0,0,0
20,35,35,2,53,52,0,0,0,0,0,0,0,0,1,0,0,0
20,36,35,2,53,52,0,0,0,0,0,0,0,0,0,0,0,1
19,36,35,2,53,52,0,0,0,0,0,0,1,0,0,0,0,0
19,36,36,2,53,52,0,0,0,0,0,0,0,0,1,0,0,0
19,37,36,2,53,52,0,0,0,0,0,0,0,0,0,0,0,1
18,37,36,2,53,52,0,0,0,0,0,0,1,0,0,0,0,0
18,37,37,2,53,52,0,0,0,0,0,0,0,0,1,0,0,0
18,38,37,2,53,52,0,0,0,0,0,0,0,0,0,0,0,1
17,38,37,2,53,52,0,0,0,0,0,0,1,0,0,0,0,0
17,38,38,2,53,52,0,0,0,0,0,0,0,0,1,0,0,0
17,39,38,2,53,52,0,0,0,0,0,0,0,0,0,0,0,1
16,39,38,2,53,52,0,0,0,0,0,0,1,0,0,0,0,0
16,39,39,2,53,52,0,0,0,0,0,0,0,0,1,0,0,0
16,40,39,2,53,52,0,0,0,0,0,0,0,0,0,0,0,1
15,40,39,2,53,52,0,0,0,0,0,0,1,0,0,0,0,0
15,40,40,2,53,52,0,0,0,0,0,0,0,0,1,0,0,0
15,41,40,2,53,52,0,0,0,0,1,0,0,0,0,0,0,1
14,41,40,2,53,52,0,0,0,0,0,0,1,0,0,0,0,0
14,41,41,2,53,52,0,0,0,0,0,0,0,0,1,0,0,0
14,42,41,2,53,52,0,0,0,0,0,0,0,0,0,0,0,1
13,42,41,2,53,52,0,0,0,0,0,0,1,0,0,0,0,0
13,42,42,2,53,52,0,0,0,0,0,0,0,0,1,0,0,0
13,43,42,2,53,52,0,0,0,0,0,0,0,0,0,0,0,1
12,43,42,2,53,52,0,0,0,0,0,0,1,0,0,0,0,0
12,43,43,2,53,52,0,0,0,0,0,0,0,0,1,0,0,0
12,44,43,2,53,52,0,0,0,0,0,0,0,0,0,0,0,1
11,44,43,2,53,52,0,0,0,0,0,0,1,0,0,0,0,0
11,44,44,2,53,52,0,0,0,0,0,0,0,0,1,0,0,0
11,45,44,2,53,52,0,0,0,0,0,0,0,0,0,0,0,1
10,45,44,2,53,52,0,0,0,0,0,0,1,0,0,0,0,0
10,45,45,2,53,52,0,0,0,0,0,1,0,0,1,0,0,0
10,46,45,2,53,52,0,0,0,0,1,0,0,0,0,0,0,1
9,46,45,2,53,52,0,0,0,1,0,0,1,0,0,0,0,0
9,46,46,2,53,52,0,0,0,0,0,0,0,0,1,0,0,0
9,47,46,2,53,52,0,0,0,0,0,0,0,0,0,0,0,1
8,47,46,2,53,52,0,0,0,0,0,0,1,0,0,0,0,0
8,47,47,2,53,52,0,0,0,0,0,0,0,0,1,0,0,0
8,48,47,2,53,52,0,0,0,0,0,0,0,0,0,0,0,1
7,48,47,2,53,52,0,0,0,0,0,0,1,0,0,0,0,0
7,48,48,2,53,52,0,0,0,1,0,0,0,0,1,0,0,0
7,49,48,2,53,52,0,0,0,0,0,0,0,0,0,0,0,1
6,49,48,2,53,52,0,0,1,0,0,0,1,0,0,0,0,0
6,49,49,2,53,52,0,0,0,0,0,0,0,0,1,0,0,0
6,50,49,2,53,52,0,1,0,0,0,0,0,0,0,0,0,1
5,50,49,2,53,52,0,0,0,0,0,0,1,0,0,0,0,0
5,50,50,2,53,52,0,0,0,0,0,0,0,0,1,0,0,0
5,51,50,2,53,52,0,0,0,0,0,0,0,0,0,0,0,1
4,51,50,2,53,52,0,0,0,0,0,0,1,0,0,0,0,0
4,51,51,2,53,52,0,0,0,0,0,0,0,0,1,0,0,0
4,52,51,2,53,52,0,0,0,0,0,0,0,0,0,0,0,1
3,52,51,2,53,52,0,0,0,0,0,0,1,0,0,0,0,0
3,52,52,2,53,52,0,0,0,0,0,0,0,0,1,0,0,0
3,53,52,2,53,52,0,0,0,0,0,0,0,0,0,0,0,1
57,9,7,2,42,8,0,0,0,1,0,0,0,0,0,0,0,1
56,9,7,2,42,8,0,0,0,0,0,0,0,0,0,0,0,1
55,9,7,2,42,8,0,0,0,0,0,0,0,0,0,0,0,1
54,9,7,2,42,8,0,0,1,0,0,0,0,0,0,0,0,1
53,9,7,2,42,8,0,0,0,0,0,0,0,0,0,0,0,1
52,9,7,2,42,8,0,0,0,0,0,0,0,0,0,0,0,1
51,9,7,2,42,8,0,0,0,0,0,0,0,0,0,0,0,1
50,9,7,2,42,8,0,0,0,0,0,0,0,0,0,0,0,1
49,9,7,2,42,8,0,0,0,0,0,0,0,0,0,0,0,1
48,9,7,2,42,8,0,0,0,0,0,0,0,0,0,0,0,1
47,9,7,2,42,8,0,0,0,0,0,0,0,0,0,0,0,1
46,9,7,2,42,8,0,0,0,0,0,0,0,0,0,0,0,1
45,9,7,2,42,8,0,0,0,0,0,0,0,0,0,0,0,1
44,9,7,2,42,8,0,0,0,0,0,0,0,0,0,0,0,1
43,9,7,2,42,8,0,0,0,0,0,0,0,0,0,0,0,1
42,9,7,2,42,8,0,0,0,0,0,0,0,0,0,0,0,1
41,9,7,2,42,8,0,0,0,0,0,0,0,0,0,0,0,1
40,9,7,2,42,8,0,0,0,0,0,0,0,0,0,0,0,1
39,9,7,2,42,8,0,0,0,0,0,0,0,0,0,0,0,1
38,9,7,2,42,8,0,0,0,0,0,0,0,0,0,0,0,1
37,9,7,2,42,8,1,0,0,0,0,0,0,0,0,0,0,1
36,9,7,2,42,8,0,0,0,0,0,0,0,0,0,0,0,1
35,9,7,2,42,8,0,0,0,0,0,0,0,0,1,0,0,0
35,10,7,2,42,8,0,0,0,0,0,0,0,0,0,0,0,1
34,10,7,2,42,8,0,0,0,0,0,0,0,0,1,0,0,0
34,11,7,2,42,8,0,0,0,0,0,0,0,0,0,0,0,1
33,11,7,2,42,8,0,0,0,0,0,0,0,0,1,0,0,0
33,12,7,2,42,8,0,0,0,0,0,0,0,0,0,0,0,1
32,12,7,2,42,8,0,0,0,0,0,0,0,0,1,0,0,0
32,13,7,2,42,8,0,0,0,0,0,0,0,0,0,0,0,1
31,13,7,2,42,8,0,0,0,0,0,0,0,0,1,0,0,0
31,14,7,2,42,8,0,0,0,0,0,0,0,0,0,0,0,1
30,14,7,2,42,8,0,0,0,0,0,0,0,0,1,0,0,0
30,15,7,2,42,8,0,0,0,0,0,0,0,0,0,0,0,1
29,15,7,2,42,8,0,0,0,0,0,0,0,0,1,0,0,0
29,16,7,2,42,8,0,0,0,0,0,0,0,0,0,0,0,1
28,16,7,2,42,8,1,0,0,0,0,0,0,0,1,0,0,0
28,17,7,2,42,8,0,0,0,0,0,0,0,0,0,0,0,1
27,17,7,2,42,8,0,0,0,0,0,0,0,0,1,0,0,0
27,18,7,2,42,8,0,0,0,0,0,1,0,0,1,0,0,0
27,19,7,2,42,8,0,0,0,0,0,0,0,0,0,0,0,1
26,19,7,2,42,8,0,0,0,1,0,0,0,0,0,0,0,1
25,19,7,2,42,8,0,0,0,0,0,0,0,0,1,0,0,0
25,20,7,2,42,8,0,0,1,0,0,1,1,0,0,0,0,0
25,20,8,2,42,8,0,0,0,0,0,0,0,0,0,0,0,1
24,20,8,2,42,8,0,1,0,0,0,0,0,0,1,0,0,0
24,21,8,2,42,8,0,0,0,0,0,0,0,0,0,0,0,1
23,21,8,2,42,8,0,1,0,0,0,0,0,0,1,0,0,0
23,22,8,2,42,8,0,0,0,0,0,1,0,0,1,0,0,0
23,23,8,2,42,8,0,0,0,0,0,1,0,0,1,0,0,0
23,24,8,2,42,8,0,0,0,0,0,0,0,0,0,0,0,1
22,24,8,2,42,8,0,0,0,1,0,0,0,0,0,0,0,1
21,24,8,2,42,8,0,0,0,0,0,0,0,0,0,0,0,1
20,24,8,2,42,8,0,0,0,0,0,0,0,0,1,0,0,0
20,25,8,2,42,8,0,0,0,0,0,0,0,0,0,0,0,1
19,25,8,2,42,8,0,0,0,0,0,0,0,0,1,0,0,0
19,26,8,2,42,8,0,1,0,0,0,0,0,0,0,0,0,1
18,26,8,2,42,8,0,0,0,0,0,0,0,0,1,0,0,0
18,27,8,2,42,8,0,0,0,0,0,0,0,0,0,0,0,1
17,27,8,2,42,8,0,0,0,0,0,0,0,0,1,0,0,0
17,28,8,2,42,8,0,0,0,0,0,0,0,0,0,0,0,1
16,28,8,2,42,8,0,0,0,0,0,0,0,0,1,0,0,0
16,29,8,2,42,8,1,0,0,0,0,0,0,0,0,0,0,1
15,29,8,2,42,8,0,0,0,0,0,1,0,0,1,0,0,0
15,30,8,2,42,8,0,0,0,0,0,0,0,0,0,0,0,1
14,30,8,2,42,8,0,0,0,1,0,0,0,0,1,0,0,0
14,31,8,2,42,8,0,0,1,0,0,0,0,0,0,0,0,1
13,31,8,2,42,8,0,0,0,0,0,0,0,0,1,0,0,0
13,32,8,2,42,8,0,0,0,0,1,0,0,0,0,0,0,1
12,32,8,2,42,8,0,0,0,0,0,0,0,0,1,0,0,0
12,33,8,2,42,8,0,0,0,0,0,0,0,0,0,0,0,1
11,33,8,2,42,8,0,0,0,0,0,0,0,0,1,0,0,0
11,34,8,2,42,8,0,0,0,0,0,0,0,0,0,0,0,1
10,34,8,2,42,8,0,0,0,0,0,0,0,0,1,0,0,0
10,35,8,2,42,8,0,0,0,0,0,0,0,0,0,0,0,1
9,35,8,2,42,8,0,0,0,0,0,0,0,0,1,0,0,0
9,36,8,2,42,8,0,0,0,0,0,0,0,0,0,0,0,1
8,36,8,2,42,8,0,0,0,0,0,0,0,0,1,0,0,0
8,37,8,2,42,8,0,0,0,0,0,0,0,0,0,0,0,1
7,37,8,2,42,8,0,0,0,0,0,0,0,0,1,0,0,0
7,38,8,2,42,8,0,0,0,0,0,0,0,0,0,0,0,1
6,38,8,2,42,8,0,0,0,0,0,0,0,0,1,0,0,0
6,39,8,2,42,8,0,0,0,0,0,0,0,0,0,0,0,1
5,39,8,2,42,8,0,0,0,0,0,0,0,0,1,0,0,0
5,40,8,2,42,8,0,0,0,0,0,0,0,0,0,0,0,1
4,40,8,2,42,8,0,0,0,0,0,0,0,0,1,0,0,0
4,41,8,2,42,8,0,0,0,0,0,0,0,0,0,0,0,1
3,41,8,2,42,8,0,0,0,0,0,0,0,0,1,0,0,0
3,42,8,2,42,8,0,0,0,0,0,0,0,0,0,0,0,1
42,51,58,30,6,5,0,0,1,0,0,0,0,1,0,0,0,0
42,51,57,30,6,5,0,0,0,1,0,0,0,1,0,0,0,0
42,51,56,30,6,5,0,0,0,0,0,0,0,1,0,0,0,0
42,51,55,30,6,5,0,0,0,0,0,0,0,1,0,0,0,0
42,51,54,30,6,5,0,1,0,0,0,0,0,0,0,1,0,0
42,50,54,30,6,5,0,0,0,0,0,0,0,1,0,0,0,0
42,50,53,30,6,5,0,0,1,0,0,0,0,1,0,0,0,0
42,50,52,30,6,5,0,0,0,0,0,0,0,1,0,0,0,0
42,50,51,30,6,5,0,0,0,0,0,0,0,1,0,0,0,0
42,50,50,30,6,5,0,0,0,0,0,0,0,1,0,0,0,0
42,50,49,30,6,5,0,0,0,0,0,0,0,1,0,0,0,0
42,50,48,30,6,5,0,1,0,0,0,0,0,0,0,1,0,0
42,49,48,30,6,5,0,0,0,0,0,0,0,1,0,0,0,0
42,49,47,30,6,5,0,0,1,0,0,0,0,0,0,1,0,0
42,48,47,30,6,5,0,0,0,0,0,0,0,1,0,0,0,0
42,48,46,30,6,5,0,0,0,0,0,0,0,0,0,1,0,0
42,47,46,30,6,5,0,0,0,0,0,0,0,1,0,0,0,0
42,47,45,30,6,5,0,0,0,0,0,0,0,0,0,1,0,0
42,46,45,30,6,5,0,0,0,0,0,0,0,1,0,0,0,0
42,46,44,30,6,5,0,0,0,0,0,0,0,0,0,1,0,0
42,45,44,30,6,5,0,0,0,0,0,0,0,1,0,0,0,0
42,45,43,30,6,5,0,1,0,0,0,0,0,0,0,1,0,0
42,44,43,30,6,5,0,0,0,0,0,0,0,1,0,0,0,0
42,44,42,30,6,5,0,0,1,0,0,0,0,0,0,1,0,0
42,43,42,30,6,5,0,0,0,0,0,0,0,1,0,0,0,0
42,43,41,30,6,5,0,0,0,0,0,0,0,0,0,1,0,0
42,42,41,30,6,5,0,0,0,0,0,0,0,1,0,0,0,0
42,42,40,30,6,5,0,0,0,1,0,0,0,1,0,0,0,0
42,42,39,30,6,5,0,0,0,0,0,1,0,0,0,1,0,0
42,41,39,30,6,5,1,0,0,0,0,0,0,0,0,1,0,0
42,40,39,30,6,5,0,0,0,0,0,0,0,1,0,0,0,0
42,40,38,30,6,5,0,0,0,0,1,1,0,0,0,1,0,0
42,39,38,30,6,5,0,0,0,0,0,0,0,1,0,0,0,0
42,39,37,30,6,5,0,0,0,0,0,0,0,0,0,1,0,0
42,38,37,30,6,5,0,0,0,0,0,0,0,1,0,0,0,0
42,38,36,30,6,5,0,0,0,1,0,0,0,1,0,0,0,0
42,38,35,30,6,5,0,0,0,0,0,0,0,0,0,1,0,0
42,37,35,30,6,5,1,0,0,0,0,0,0,0,0,1,0,0
42,36,35,30,6,5,0,0,0,0,0,0,0,1,0,0,0,0
42,36,34,30,6,5,0,0,0,0,0,0,0,0,0,1,0,0
42,35,34,30,6,5,0,0,0,0,0,0,0,1,0,0,0,0
42,35,33,30,6,5,0,0,0,0,0,0,0,0,0,1,0,0
42,34,33,30,6,5,0,0,0,0,0,0,0,1,0,0,0,0
42,34,32,30,6,5,0,0,0,0,0,0,0,0,0,1,0,0
42,33,32,30,6,5,0,0,0,0,0,0,0,1,0,0,0,0
42,33,31,30,6,5,0,0,0,0,0,0,0,0,0,1,0,0
42,32,31,30,6,5,0,0,0,0,0,0,0,1,0,0,0,0
42,32,30,30,6,5,0,0,0,0,0,0,0,0,0,1,0,0
42,31,30,30,6,5,0,0,0,0,0,0,0,1,0,0,0,0
42,31,29,30,6,5,0,0,0,0,0,0,0,0,0,1,0,0
42,30,29,30,6,5,0,0,0,0,0,0,0,1,0,0,0,0
42,30,28,30,6,5,0,0,0,0,0,0,0,0,0,1,0,0
42,29,28,30,6,5,0,0,0,0,0,0,0,1,0,0,0,0
42,29,27,30,6,5,0,0,0,0,0,0,0,0,0,1,0,0
42,28,27,30,6,5,0,0,0,0,0,0,0,1,0,0,0,0
42,28,26,30,6,5,0,0,0,0,0,0,0,0,0,1,0,0
42,27,26,30,6,5,0,0,0,0,0,0,0,1,0,0,0,0
42,27,25,30,6,5,0,0,0,0,1,0,0,0,0,1,0,0
42,26,25,30,6,5,0,0,0,0,0,0,0,1,0,0,0,0
42,26,24,30,6,5,0,0,0,0,0,0,0,0,0,1,0,0
42,25,24,30,6,5,0,0,0,0,0,0,0,1,0,0,0,0
42,25,23,30,6,5,0,0,0,0,0,0,0,0,0,1,0,0
42,24,23,30,6,5,0,0,0,0,0,0,0,1,0,0,0,0
42,24,22,30,6,5,0,0,0,0,0,0,0,0,0,1,0,0
42,23,22,30,6,5,0,1,0,0,0,0,0,0,0,1,0,0
42,22,22,30,6,5,0,0,0,0,0,1,0,1,0,0,0,0
42,22,21,30,6,5,0,0,1,0,0,0,0,1,0,0,0,0
42,22,20,30,6,5,0,0,0,0,0,0,0,0,0,1,0,0
42,21,20,30,6,5,0,0,0,0,0,0,0,1,0,0,0,0
42,21,19,30,6,5,0,0,0,0,0,0,0,0,0,1,0,0
42,20,19,30,6,5,0,0,0,0,1,0,0,1,0,0,0,0
42,20,18,30,6,5,0,0,0,0,0,0,0,0,0,1,0,0
42,19,18,30,6,5,0,0,0,0,1,0,0,1,0,0,0,0
42,19,17,30,6,5,0,0,0,0,0,0,0,0,0,1,0,0
42,18,17,30,6,5,0,0,0,0,0,0,0,1,0,0,0,0
42,18,16,30,6,5,0,0,0,0,0,0,0,0,0,1,0,0
42,17,16,30,6,5,0,0,0,0,0,0,0,0,0,0,0,1
41,17,16,30,6,5,0,1,0,0,0,0,0,0,0,1,0,0
41,16,16,30,6,5,0,0,0,0,0,0,0,1,0,0,0,0
41,16,15,30,6,5,0,0,1,0,0,0,0,0,0,0,0,1
40,16,15,30,6,5,0,0,0,0,0,0,0,1,0,0,0,0
40,16,14,30,6,5,0,0,0,0,0,0,0,0,0,1,0,0
40,15,14,30,6,5,0,0,0,0,0,0,0,0,0,0,0,1
39,15,14,30,6,5,0,0,0,0,0,0,0,1,0,0,0,0
39,15,13,30,6,5,0,0,0,0,0,0,0,0,0,1,0,0
39,14,13,30,6,5,0,0,0,0,0,0,0,0,0,0,0,1
38,14,13,30,6,5,0,0,0,0,0,0,0,1,0,0,0,0
38,14,12,30,6,5,0,0,0,0,0,0,0,0,0,1,0,0
38,13,12,30,6,5,0,0,0,1,0,0,0,0,0,0,0,1
37,13,12,30,6,5,0,0,0,0,0,1,0,1,0,0,0,0
37,13,11,30,6,5,0,0,0,0,0,0,0,0,0,1,0,0
37,12,11,30,6,5,0,0,0,0,0,0,0,0,0,0,0,1
36,12,11,30,6,5,0,0,0,0,0,0,0,1,0,0,0,0
36,12,10,30,6,5,0,0,0,0,0,0,0,0,0,1,0,0
36,11,10,30,6,5,0,0,0,0,0,0,0,0,0,0,0,1
35,11,10,30,6,5,0,0,0,0,0,0,0,1,0,0,0,0
35,11,9,30,6,5,0,0,0,0,0,0,0,0,0,1,0,0
35,10,9,30,6,5,0,0,0,0,0,0,0,0,0,0,0,1
34,10,9,30,6,5,0,0,0,0,0,0,0,1,0,0,0,0
34,10,8,30,6,5,0,0,0,0,0,0,0,0,0,1,0,0
34,9,8,30,6,5,0,0,0,0,0,0,0,0,0,0,0,1
33,9,8,30,6,5,0,0,0,0,0,0,0,1,0,0,0,0
33,9,7,30,6,5,0,0,0,0,0,0,0,0,0,1,0,0
33,8,7,30,6,5,0,0,0,0,0,0,0,0,0,0,0,1
32,8,7,30,6,5,0,0,0,0,0,0,0,1,0,0,0,0
32,8,6,30,6,5,0,1,0,0,0,0,0,0,0,1,0,0
32,7,6,30,6,5,0,0,0,0,0,0,0,0,0,0,0,1
31,7,6,30,6,5,0,1,0,0,0,0,0,0,0,1,0,0
31,6,6,30,6,5,0,0,0,0,0,0,0,1,0,0,0,0
31,6,5,30,6,5,0,0,1,0,0,0,0,0,0,0,0,1
54,33,10,48,6,34,0,0,0,0,0,0,0,0,0,1,0,0
54,32,10,48,6,34,0,0,0,0,0,0,0,0,0,1,0,0
54,31,10,48,6,34,0,0,0,0,0,0,0,0,0,1,0,0
54,30,10,48,6,34,0,0,0,0,0,0,1,0,0,0,0,0
54,30,11,48,6,34,0,0,0,0,0,0,0,0,0,1,0,0
54,29,11,48,6,34,0,0,0,0,0,0,1,0,0,0,0,0
54,29,12,48,6,34,0,0,0,0,0,0,0,0,0,1,0,0
54,28,12,48,6,34,0,0,0,0,0,0,1,0,0,0,0,0
54,28,13,48,6,34,0,0,0,0,0,0,0,0,0,1,0,0
54,27,13,48,6,34,0,0,0,0,0,0,1,0,0,0,0,0
54,27,14,48,6,34,0,0,0,0,0,0,0,0,0,1,0,0
54,26,14,48,6,34,0,0,0,0,0,0,1,0,0,0,0,0
54,26,15,48,6,34,0,0,0,0,0,0,0,0,0,1,0,0
54,25,15,48,6,34,0,0,0,0,0,0,1,0,0,0,0,0
54,25,16,48,6,34,0,0,0,0,0,0,0,0,0,1,0,0
54,24,16,48,6,34,0,0,0,0,1,0,1,0,0,0,0,0
54,24,17,48,6,34,0,0,0,1,0,0,1,0,0,0,0,0
54,24,18,48,6,34,0,0,0,0,0,0,0,0,0,1,0,0
54,23,18,48,6,34,0,1,0,0,0,0,0,0,0,1,0,0
54,22,18,48,6,34,0,0,0,0,0,0,1,0,0,0,0,0
54,22,19,48,6,34,0,0,0,0,0,0,0,0,0,1,0,0
54,21,19,48,6,34,0,0,0,0,0,0,1,0,0,0,0,0
54,21,20,48,6,34,0,0,0,0,0,0,0,0,0,1,0,0
54,20,20,48,6,34,0,0,0,0,0,0,1,0,0,0,0,0
54,20,21,48,6,34,0,0,0,0,0,0,0,0,0,1,0,0
54,19,21,48,6,34,0,0,0,0,0,0,1,0,0,0,0,0
54,19,22,48,6,34,0,0,0,0,0,0,0,0,0,1,0,0
54,18,22,48,6,34,0,0,0,0,0,0,1,0,0,0,0,0
54,18,23,48,6,34,0,0,0,0,0,0,0,0,0,1,0,0
54,17,23,48,6,34,0,0,0,0,0,0,1,0,0,0,0,0
54,17,24,48,6,34,0,0,0,0,0,0,0,0,0,1,0,0
54,16,24,48,6,34,0,0,0,0,0,0,1,0,0,0,0,0
54,16,25,48,6,34,0,0,0,0,0,0,0,0,0,1,0,0
54,15,25,48,6,34,0,0,0,1,0,0,1,0,0,0,0,0
54,15,26,48,6,34,0,0,0,0,0,0,0,0,0,1,0,0
54,14,26,48,6,34,0,1,0,0,0,0,1,0,0,0,0,0
54,14,27,48,6,34,0,0,0,0,0,0,0,0,0,1,0,0
54,13,27,48,6,34,0,0,0,0,0,0,1,0,0,0,0,0
54,13,28,48,6,34,0,0,0,1,0,0,1,0,0,0,0,0
54,13,29,48,6,34,0,0,0,0,0,0,0,0,0,1,0,0
54,12,29,48,6,34,0,1,0,0,0,0,0,0,0,1,0,0
54,11,29,48,6,34,0,0,0,0,0,0,0,0,0,0,0,1
53,11,29,48,6,34,0,0,0,0,0,1,1,0,0,0,0,0
53,11,30,48,6,34,0,0,0,0,0,0,0,0,0,1,0,0
53,10,30,48,6,34,0,0,0,0,0,0,0,0,0,0,0,1
52,10,30,48,6,34,0,0,0,0,0,0,1,0,0,0,0,0
52,10,31,48,6,34,1,0,0,0,0,0,0,0,0,1,0,0
52,9,31,48,6,34,0,0,0,0,0,0,0,0,0,0,0,1
51,9,31,48,6,34,0,0,0,0,0,0,1,0,0,0,0,0
51,9,32,48,6,34,0,0,0,0,0,0,0,0,0,1,0,0
51,8,32,48,6,34,0,0,0,0,0,0,0,0,0,0,0,1
50,8,32,48,6,34,0,0,0,0,0,0,1,0,0,0,0,0
50,8,33,48,6,34,0,0,0,1,0,0,0,0,0,0,0,1
49,8,33,48,6,34,0,0,0,0,0,0,0,0,0,1,0,0
49,7,33,48,6,34,0,0,0,0,1,0,1,0,0,0,0,0
49,7,34,48,6,34,0,0,0,0,0,0,0,0,0,1,0,0
49,6,34,48,6,34,0,0,0,0,0,0,0,0,0,0,0,1
0,45,7,35,36,22,0,0,0,0,0,0,0,0,0,0,1,0
1,45,7,35,36,22,0,1,0,1,0,0,0,0,0,0,1,0
2,45,7,35,36,22,0,0,0,0,0,0,0,0,0,0,1,0
3,45,7,35,36,22,0,0,0,0,0,0,0,0,0,0,1,0
4,45,7,35,36,22,0,0,1,0,0,0,0,0,0,0,1,0
5,45,7,35,36,22,0,0,0,0,0,0,0,0,0,0,1,0
6,45,7,35,36,22,0,0,0,0,0,0,0,0,0,0,1,0
7,45,7,35,36,22,0,1,0,0,0,0,0,0,0,0,1,0
8,45,7,35,36,22,0,0,0,0,0,0,0,0,0,0,1,0
9,45,7,35,36,22,0,0,0,0,0,0,0,0,0,0,1,0
10,45,7,35,36,22,0,0,0,0,0,0,0,0,0,0,1,0
11,45,7,35,36,22,0,0,0,0,0,0,0,0,0,0,1,0
12,45,7,35,36,22,0,0,0,0,0,0,0,0,0,0,1,0
13,45,7,35,36,22,1,0,0,0,0,0,0,0,0,0,1,0
14,45,7,35,36,22,0,0,0,0,0,0,0,0,0,0,1,0
15,45,7,35,36,22,0,0,0,0,0,0,0,0,0,0,1,0
16,45,7,35,36,22,0,0,0,0,0,0,0,0,0,0,1,0
17,45,7,35,36,22,0,0,0,0,0,0,0,0,0,0,1,0
18,45,7,35,36,22,0,0,0,0,0,0,0,0,0,0,1,0
19,45,7,35,36,22,0,0,0,0,0,0,0,0,0,0,1,0
20,45,7,35,36,22,0,0,0,0,0,0,1,0,0,0,0,0
20,45,8,35,36,22,1,0,0,0,0,0,0,0,0,0,1,0
21,45,8,35,36,22,0,0,0,0,0,0,1,0,0,0,0,0
21,45,9,35,36,22,1,0,1,0,0,1,0,0,0,0,1,0
22,45,9,35,36,22,0,0,0,0,0,0,1,0,0,0,0,0
22,45,10,35,36,22,0,0,0,0,0,1,0,0,0,0,1,0
23,45,10,35,36,22,0,0,0,0,0,0,1,0,0,0,0,0
23,45,11,35,36,22,0,0,0,0,0,0,0,0,0,0,1,0
24,45,11,35,36,22,0,0,0,0,0,0,1,0,0,0,0,0
24,45,12,35,36,22,0,0,0,0,0,0,0,0,0,0,1,0
25,45,12,35,36,22,0,0,0,0,0,0,1,0,0,0,0,0
25,45,13,35,36,22,0,0,0,0,0,0,0,0,0,0,1,0
26,45,13,35,36,22,0,0,0,0,0,0,1,0,0,0,0,0
26,45,14,35,36,22,0,0,0,0,0,0,0,0,0,1,0,0
26,44,14,35,36,22,0,0,0,0,0,0,0,0,0,0,1,0
27,44,14,35,36,22,0,0,0,0,0,0,1,0,0,0,0,0
27,44,15,35,36,22,0,0,0,0,0,0,0,0,0,1,0,0
27,43,15,35,36,22,0,0,0,1,0,0,0,0,0,0,1,0
28,43,15,35,36,22,0,0,0,0,0,0,1,0,0,0,0,0
28,43,16,35,36,22,1,0,0,0,0,0,0,0,0,1,0,0
28,42,16,35,36,22,0,0,0,0,0,0,0,0,0,0,1,0
29,42,16,35,36,22,0,0,0,0,0,0,1,0,0,0,0,0
29,42,17,35,36,22,0,0,0,0,0,0,0,0,0,1,0,0
29,41,17,35,36,22,0,0,0,0,1,0,1,0,0,0,0,0
29,41,18,35,36,22,0,0,0,0,0,0,0,0,0,0,1,0
30,41,18,35,36,22,0,1,0,0,0,0,0,0,0,1,0,0
30,40,18,35,36,22,0,0,0,0,0,0,0,0,0,0,1,0
31,40,18,35,36,22,0,0,0,0,0,0,1,0,0,0,0,0
31,40,19,35,36,22,0,0,0,0,0,0,0,0,0,1,0,0
31,39,19,35,36,22,0,0,0,0,0,0,0,0,0,0,1,0
32,39,19,35,36,22,0,0,0,0,0,0,1,0,0,0,0,0
32,39,20,35,36,22,0,0,0,0,0,0,0,0,0,1,0,0
32,38,20,35,36,22,0,0,0,0,0,0,0,0,0,0,1,0
33,38,20,35,36,22,0,0,0,0,0,0,1,0,0,0,0,0
33,38,21,35,36,22,0,0,0,0,0,0,0,0,0,1,0,0
33,37,21,35,36,22,0,0,0,0,0,0,0,0,0,0,1,0
34,37,21,35,36,22,0,0,0,0,0,0,1,0,0,0,0,0
34,37,22,35,36,22,0,0,0,0,0,0,0,0,0,1,0,0
34,36,22,35,36,22,0,0,0,0,0,0,0,0,0,0,1,0
52,8,11,41,4,3,0,0,0,0,0,0,0,0,0,0,0,1
51,8,11,41,4,3,0,0,0,0,1,0,0,0,0,0,0,1
50,8,11,41,4,3,0,0,0,0,0,0,0,0,0,0,0,1
49,8,11,41,4,3,0,0,0,0,0,0,0,1,0,0,0,0
49,8,10,41,4,3,0,0,0,0,0,0,0,0,0,0,0,1
48,8,10,41,4,3,0,0,0,0,0,0,0,1,0,0,0,0
48,8,9,41,4,3,0,0,0,0,0,0,0,0,0,0,0,1
47,8,9,41,4,3,0,0,0,0,0,0,0,1,0,0,0,0
47,8,8,41,4,3,0,0,0,0,0,0,0,0,0,0,0,1
46,8,8,41,4,3,0,0,0,0,0,0,0,1,0,0,0,0
46,8,7,41,4,3,0,0,0,0,0,0,0,0,0,0,0,1
45,8,7,41,4,3,0,0,0,0,0,0,0,1,0,0,0,0
45,8,6,41,4,3,0,0,0,0,0,0,0,0,0,1,0,0
45,7,6,41,4,3,0,0,0,0,0,0,0,0,0,0,0,1
44,7,6,41,4,3,0,0,0,0,0,0,0,1,0,0,0,0
44,7,5,41,4,3,0,0,0,0,0,0,0,0,0,1,0,0
44,6,5,41,4,3,0,0,0,0,1,0,0,0,0,0,0,1
43,6,5,41,4,3,0,0,0,0,0,0,0,1,0,0,0,0
43,6,4,41,4,3,0,0,0,0,0,0,0,0,0,1,0,0
43,5,4,41,4,3,0,0,0,0,0,0,0,0,0,0,0,1
42,5,4,41,4,3,0,0,0,0,0,0,0,1,0,0,0,0
42,5,3,41,4,3,0,0,0,0,0,0,0,0,0,1,0,0
42,4,3,41,4,3,0,0,0,0,0,0,0,0,0,0,0,1
30,18,39,40,17,7,0,0,0,0,1,0,0,1,0,0,0,0
30,18,38,40,17,7,0,0,0,0,0,0,0,1,0,0,0,0
30,18,37,40,17,7,0,0,0,0,0,0,0,1,0,0,0,0
30,18,36,40,17,7,0,0,0,0,0,0,0,1,0,0,0,0
30,18,35,40,17,7,0,0,0,0,0,0,0,1,0,0,0,0
30,18,34,40,17,7,0,0,0,0,0,0,0,1,0,0,0,0
30,18,33,40,17,7,0,0,0,0,0,0,0,1,0,0,0,0
30,18,32,40,17,7,0,1,0,0,0,0,0,0,0,0,1,0
31,18,32,40,17,7,0,0,0,0,0,0,0,1,0,0,0,0
31,18,31,40,17,7,0,0,0,0,0,1,0,1,0,0,0,0
31,18,30,40,17,7,0,0,0,0,0,0,0,1,0,0,0,0
31,18,29,40,17,7,0,0,0,0,0,0,0,1,0,0,0,0
31,18,28,40,17,7,0,0,0,0,0,0,0,1,0,0,0,0
31,18,27,40,17,7,0,0,0,0,0,0,0,1,0,0,0,0
31,18,26,40,17,7,0,0,0,0,0,0,0,1,0,0,0,0
31,18,25,40,17,7,0,0,0,0,0,0,0,1,0,0,0,0
31,18,24,40,17,7,0,1,0,0,0,0,0,0,0,0,1,0
32,18,24,40,17,7,0,0,0,0,0,0,0,1,0,0,0,0
32,18,23,40,17,7,0,0,0,1,0,1,0,1,0,0,0,0
32,18,22,40,17,7,0,1,0,0,0,0,0,0,0,0,1,0
33,18,22,40,17,7,0,0,0,0,0,0,0,1,0,0,0,0
33,18,21,40,17,7,0,0,0,0,0,1,0,1,0,0,0,0
33,18,20,40,17,7,0,0,0,0,0,0,0,1,0,0,0,0
33,18,19,40,17,7,0,0,0,0,0,0,0,1,0,0,0,0
33,18,18,40,17,7,0,0,0,0,0,0,0,1,0,0,0,0
33,18,17,40,17,7,0,0,0,0,0,0,0,1,0,0,0,0
33,18,16,40,17,7,0,0,0,0,0,0,0,1,0,0,0,0
33,18,15,40,17,7,0,0,0,1,0,0,0,1,0,0,0,0
33,18,14,40,17,7,0,0,0,0,0,0,0,1,0,0,0,0
33,18,13,40,17,7,0,0,0,0,0,0,0,0,0,0,1,0
34,18,13,40,17,7,0,0,0,0,0,0,0,1,0,0,0,0
34,18,12,40,17,7,0,0,0,0,0,0,0,0,0,0,1,0
35,18,12,40,17,7,0,0,0,0,0,0,0,1,0,0,0,0
35,18,11,40,17,7,0,0,1,0,0,0,0,0,0,0,1,0
36,18,11,40,17,7,0,0,0,0,0,0,0,1,0,0,0,0
36,18,10,40,17,7,0,0,0,0,0,0,0,0,0,0,1,0
37,18,10,40,17,7,0,0,0,0,0,0,0,1,0,0,0,0
37,18,9,40,17,7,0,0,0,0,0,0,0,0,0,0,1,0
38,18,9,40,17,7,0,1,0,0,0,0,0,0,0,0,1,0
39,18,9,40,17,7,0,0,0,0,1,0,0,1,0,0,0,0
39,18,8,40,17,7,0,0,0,0,0,1,0,1,0,0,0,0
39,18,7,40,17,7,0,0,0,0,0,0,0,0,0,1,0,0
39,17,7,40,17,7,0,0,0,0,0,1,0,0,0,0,1,0
51,56,20,7,14,19,0,0,0,0,0,0,0,0,0,0,0,1
50,56,20,7,14,19,0,0,0,0,1,0,0,0,0,0,0,1
49,56,20,7,14,19,0,0,0,0,0,0,0,0,0,1,0,0
49,55,20,7,14,19,0,0,0,0,0,0,0,0,0,0,0,1
48,55,20,7,14,19,0,0,0,0,0,0,0,0,0,1,0,0
48,54,20,7,14,19,0,0,0,0,0,0,0,0,0,0,0,1
47,54,20,7,14,19,0,0,0,0,0,0,0,0,0,1,0,0
47,53,20,7,14,19,0,0,0,0,0,1,0,0,0,1,0,0
47,52,20,7,14,19,0,0,0,0,0,0,0,0,0,0,0,1
46,52,20,7,14,19,0,0,1,0,0,0,0,0,0,0,0,1
45,52,20,7,14,19,1,0,0,0,0,0,0,0,0,1,0,0
45,51,20,7,14,19,0,0,0,0,0,0,0,0,0,0,0,1
44,51,20,7,14,19,0,0,0,0,0,0,0,0,0,1,0,0
44,50,20,7,14,19,0,0,0,0,0,0,0,0,0,0,0,1
43,50,20,7,14,19,0,0,0,0,0,0,0,0,0,1,0,0
43,49,20,7,14,19,0,0,0,0,0,0,0,0,0,0,0,1
42,49,20,7,14,19,0,0,0,0,0,0,0,0,0,1,0,0
42,48,20,7,14,19,0,0,0,0,0,0,0,0,0,0,0,1
41,48,20,7,14,19,0,0,0,0,0,0,0,0,0,1,0,0
41,47,20,7,14,19,0,0,0,0,0,0,0,0,0,0,0,1
40,47,20,7,14,19,1,0,0,0,0,0,0,0,0,1,0,0
40,46,20,7,14,19,0,0,0,0,0,0,0,0,0,0,0,1
39,46,20,7,14,19,0,0,0,0,0,0,0,0,0,1,0,0
39,45,20,7,14,19,0,0,0,0,0,0,0,0,0,0,0,1
38,45,20,7,14,19,0,0,0,0,0,0,0,0,0,1,0,0
38,44,20,7,14,19,0,0,0,0,0,0,0,0,0,0,0,1
37,44,20,7,14,19,0,0,0,0,0,0,0,0,0,1,0,0
37,43,20,7,14,19,0,0,0,0,0,0,0,0,0,0,0,1
36,43,20,7,14,19,0,0,0,0,0,0,0,0,0,1,0,0
36,42,20,7,14,19,0,0,0,0,0,0,0,0,0,0,0,1
35,42,20,7,14,19,0,0,0,0,0,0,0,0,0,1,0,0
35,41,20,7,14,19,0,0,0,1,0,0,0,0,0,0,0,1
34,41,20,7,14,19,1,0,0,0,0,0,0,0,0,1,0,0
34,40,20,7,14,19,0,0,0,1,1,0,0,0,0,0,0,1
33,40,20,7,14,19,0,0,0,0,0,0,0,0,0,1,0,0
33,39,20,7,14,19,0,0,0,0,1,0,0,0,0,0,0,1
32,39,20,7,14,19,0,0,0,0,0,0,0,0,0,1,0,0
32,38,20,7,14,19,0,0,0,0,0,0,0,0,0,0,0,1
31,38,20,7,14,19,0,0,0,0,0,0,0,0,0,1,0,0
31,37,20,7,14,19,0,0,0,0,0,0,0,0,0,0,0,1
30,37,20,7,14,19,0,0,0,0,0,0,0,0,0,1,0,0
30,36,20,7,14,19,0,0,0,0,0,0,0,0,0,0,0,1
29,36,20,7,14,19,0,0,0,0,0,0,0,0,0,1,0,0
29,35,20,7,14,19,0,0,0,0,0,1,0,0,0,1,0,0
29,34,20,7,14,19,0,0,0,0,0,0,0,0,0,0,0,1
28,34,20,7,14,19,0,0,1,0,0,0,0,0,0,0,0,1
27,34,20,7,14,19,0,0,0,0,0,0,0,0,0,1,0,0
27,33,20,7,14,19,1,0,0,0,0,0,0,0,0,0,0,1
26,33,20,7,14,19,0,0,0,0,0,0,0,0,0,1,0,0
26,32,20,7,14,19,0,0,0,0,0,0,0,0,0,0,0,1
25,32,20,7,14,19,0,0,0,0,0,0,0,0,0,1,0,0
25,31,20,7,14,19,0,0,0,0,0,0,0,0,0,0,0,1
24,31,20,7,14,19,0,0,0,0,0,0,0,0,0,1,0,0
24,30,20,7,14,19,0,0,0,0,0,0,0,0,0,0,0,1
23,30,20,7,14,19,0,1,0,0,0,0,0,0,0,1,0,0
23,29,20,7,14,19,0,0,0,1,0,0,0,0,0,0,0,1
22,29,20,7,14,19,0,0,0,0,0,0,0,0,0,1,0,0
22,28,20,7,14,19,1,0,0,0,1,0,0,0,0,0,0,1
21,28,20,7,14,19,0,0,0,0,0,0,0,0,0,1,0,0
21,27,20,7,14,19,0,0,0,0,0,0,0,0,0,0,0,1
20,27,20,7,14,19,0,0,0,0,0,0,0,0,0,1,0,0
20,26,20,7,14,19,0,0,0,0,0,0,0,0,0,0,0,1
19,26,20,7,14,19,0,0,0,0,0,0,0,0,0,1,0,0
19,25,20,7,14,19,0,0,0,0,0,0,0,0,0,0,0,1
18,25,20,7,14,19,0,0,0,0,0,1,0,0,0,1,0,0
18,24,20,7,14,19,0,0,0,0,0,0,0,0,0,0,0,1
17,24,20,7,14,19,0,0,1,0,0,0,0,0,0,1,0,0
17,23,20,7,14,19,0,0,0,0,0,0,0,0,0,0,0,1
16,23,20,7,14,19,0,0,0,0,0,0,0,0,0,1,0,0
16,22,20,7,14,19,1,0,0,0,0,1,0,0,0,1,0,0
16,21,20,7,14,19,0,0,0,0,0,0,0,0,0,0,0,1
15,21,20,7,14,19,0,0,1,0,0,0,0,0,0,0,0,1
14,21,20,7,14,19,0,0,0,0,0,0,0,0,0,1,0,0
14,20,20,7,14,19,0,0,0,0,0,0,0,0,0,0,0,1
13,20,20,7,14,19,0,0,0,0,0,0,0,0,0,1,0,0
13,19,20,7,14,19,0,0,0,1,0,0,0,0,0,0,0,1
12,19,20,7,14,19,0,0,0,0,0,0,0,0,0,1,0,0
12,18,20,7,14,19,0,0,0,0,1,0,0,0,0,0,0,1
11,18,20,7,14,19,0,0,0,0,0,0,0,0,0,1,0,0
11,17,20,7,14,19,0,0,0,0,0,0,0,0,0,0,0,1
10,17,20,7,14,19,0,0,0,0,0,0,0,0,0,1,0,0
10,16,20,7,14,19,0,0,0,0,0,0,0,0,0,0,0,1
9,16,20,7,14,19,0,0,0,0,0,0,0,0,0,1,0,0
9,15,20,7,14,19,0,0,0,0,0,0,0,0,0,0,0,1
8,15,20,7,14,19,0,0,0,1,0,0,0,1,0,0,0,0
8,15,19,7,14,19,0,0,0,0,0,0,0,0,0,1,0,0
8,14,19,7,14,19,1,0,0,0,0,0,0,0,0,0,0,1
40,27,27,6,7,37,0,1,0,0,0,0,0,0,0,0,0,1
39,27,27,6,7,37,0,0,0,0,0,0,0,0,0,0,0,1
38,27,27,6,7,37,0,0,0,0,0,0,0,0,0,0,0,1
37,27,27,6,7,37,0,0,1,0,0,0,0,0,0,0,0,1
36,27,27,6,7,37,0,0,0,0,0,0,0,0,0,0,0,1
35,27,27,6,7,37,0,0,0,0,0,0,0,0,0,0,0,1
34,27,27,6,7,37,0,0,0,0,0,0,0,0,0,0,0,1
33,27,27,6,7,37,0,0,0,0,0,0,0,0,0,0,0,1
32,27,27,6,7,37,0,0,0,0,0,0,0,0,0,0,0,1
31,27,27,6,7,37,0,0,0,0,0,0,0,0,0,0,0,1
30,27,27,6,7,37,0,0,0,0,0,1,0,0,0,1,0,0
30,26,27,6,7,37,0,0,0,0,0,0,0,0,0,0,0,1
29,26,27,6,7,37,0,0,1,0,0,0,0,0,0,0,0,1
28,26,27,6,7,37,1,0,1,0,0,0,0,0,0,0,0,1
27,26,27,6,7,37,0,0,0,0,0,0,0,0,0,0,0,1
26,26,27,6,7,37,0,0,0,0,0,0,0,0,0,0,0,1
25,26,27,6,7,37,0,0,0,0,0,0,0,0,0,1,0,0
25,25,27,6,7,37,0,0,0,0,0,0,0,0,0,0,0,1
24,25,27,6,7,37,0,0,0,0,0,0,0,0,0,1,0,0
24,24,27,6,7,37,0,0,0,0,0,0,0,0,0,0,0,1
23,24,27,6,7,37,0,0,0,0,0,0,0,0,0,1,0,0
23,23,27,6,7,37,0,0,0,0,0,0,0,0,0,0,0,1
22,23,27,6,7,37,0,0,0,0,0,0,0,0,0,1,0,0
22,22,27,6,7,37,0,0,0,0,0,0,0,0,0,0,0,1
21,22,27,6,7,37,0,0,0,0,0,0,0,0,0,1,0,0
21,21,27,6,7,37,0,0,0,0,0,0,0,0,0,0,0,1
20,21,27,6,7,37,0,0,0,0,0,0,0,0,0,1,0,0
20,20,27,6,7,37,0,0,0,0,0,0,0,0,0,0,0,1
19,20,27,6,7,37,0,0,0,0,0,0,0,0,0,1,0,0
19,19,27,6,7,37,0,0,0,0,0,0,0,0,0,0,0,1
18,19,27,6,7,37,0,0,0,0,0,0,0,0,0,1,0,0
18,18,27,6,7,37,0,0,0,0,0,0,0,0,0,0,0,1
17,18,27,6,7,37,0,1,0,0,0,0,0,0,0,1,0,0
17,17,27,6,7,37,0,0,0,0,0,0,0,0,0,0,0,1
16,17,27,6,7,37,0,0,0,0,0,0,1,0,0,0,0,0
16,17,28,6,7,37,0,0,0,0,0,0,0,0,0,1,0,0
16,16,28,6,7,37,1,0,0,0,0,0,0,0,0,0,0,1
15,16,28,6,7,37,0,0,0,0,0,0,1,0,0,0,0,0
15,16,29,6,7,37,0,0,0,0,1,0,0,0,0,1,0,0
15,15,29,6,7,37,0,0,0,0,0,0,0,0,0,0,0,1
14,15,29,6,7,37,0,0,0,0,0,0,1,0,0,0,0,0
14,15,30,6,7,37,0,0,0,0,0,0,0,0,0,1,0,0
14,14,30,6,7,37,0,0,0,0,0,0,0,0,0,0,0,1
13,14,30,6,7,37,1,0,0,0,0,0,0,0,0,1,0,0
13,13,30,6,7,37,0,0,0,1,0,0,1,0,0,0,0,0
13,13,31,6,7,37,0,0,1,0,0,0,0,0,0,0,0,1
12,13,31,6,7,37,0,0,0,0,0,0,1,0,0,0,0,0
12,13,32,6,7,37,0,0,0,0,0,0,0,0,0,1,0,0
12,12,32,6,7,37,0,0,0,0,0,0,0,0,0,0,0,1
11,12,32,6,7,37,0,0,0,0,0,0,1,0,0,0,0,0
11,12,33,6,7,37,0,0,0,0,0,0,0,0,0,1,0,0
11,11,33,6,7,37,0,0,0,0,0,0,0,0,0,0,0,1
10,11,33,6,7,37,0,0,0,0,0,0,1,0,0,0,0,0
10,11,34,6,7,37,1,0,0,0,0,0,0,0,0,1,0,0
10,10,34,6,7,37,0,0,0,0,0,0,0,0,0,0,0,1
9,10,34,6,7,37,0,0,0,0,0,0,1,0,0,0,0,0
9,10,35,6,7,37,0,0,0,0,0,0,0,0,0,1,0,0
9,9,35,6,7,37,0,0,0,0,0,0,0,0,0,0,0,1
8,9,35,6,7,37,0,0,0,0,0,0,1,0,0,0,0,0
8,9,36,6,7,37,0,0,1,0,0,0,0,0,0,1,0,0
8,8,36,6,7,37,0,0,0,0,0,1,1,0,0,0,0,0
8,8,37,6,7,37,0,0,0,0,0,0,0,0,0,0,0,1
7,8,37,6,7,37,0,1,0,0,0,0,0,0,0,1,0,0
7,7,37,6,7,37,0,0,0,0,0,0,0,0,0,0,0,1
